Gene A	Input Protein ID A	Primary Protein ID A	Uniprot-Ac A	Interface Number A	Gene B	Input Protein ID B	Primary Protein ID B	Uniprot-Ac B	Interface Number B	Structure Recommendation	Interaction Score
-	BTRC_3_frame1	BTRC_3_frame1	-	-	-	ANKRD50_2_frame1	ANKRD50_2_frame1	-	-	Q969H0_S0__Q9ULT8_S1__AF5:A:B	25.5695
-	BTRC_3_frame1	BTRC_3_frame1	-	-	-	CDK20_3_frame1	CDK20_3_frame1	-	-	Q13627_S0__Q969H0_S0__AF:B:A	1.8366
-	BTRC_3_frame1	BTRC_3_frame1	-	-	-	CDK5_1_frame1	CDK5_1_frame1	-	-	Q13627_S0__Q969H0_S0__AF:B:A	1.8366
-	BTRC_3_frame1	BTRC_3_frame1	-	-	-	CDK5_2_frame1	CDK5_2_frame1	-	-	Q13627_S0__Q969H0_S0__AF:B:A	1.8366
-	SDC3_1_frame1	SDC3_1_frame1	-	-	-	PTPRN	PTPRN	-	-	O75056_S0__P23471_S2__AFMM3:A:B	2.8763
-	SDC3_1_frame1	SDC3_1_frame1	-	-	-	CXCR3_1_frame1	CXCR3_1_frame1	-	-	P31431_S0__P61073_S0__AF:A:B	6.753
-	SDC3_1_frame1	SDC3_1_frame1	-	-	-	CXCR3_2_frame1	CXCR3_2_frame1	-	-	P31431_S0__P61073_S0__AF:A:B	6.3384
-	MDM4	MDM4	-	-	-	MDM4	MDM4	-	-	O15151_S0__Q00987_S0__AFMM3:A:B	73.2441
-	MDM4	MDM4	-	-	-	AKT1_1_frame1	AKT1_1_frame1	-	-	Q00987_S0__Q9NRM7_S0__AFMM4:A:B	68.5282
-	MDM4	MDM4	-	-	-	CDK5_1_frame1	CDK5_1_frame1	-	-	Q00987_S0__Q9NRM7_S0__AFMM4:A:B	54.9954
-	MDM4	MDM4	-	-	-	PLK4	PLK4	-	-	Q00987_S0__Q9NRM7_S0__AFMM4:A:B	76.7764
-	MDM4	MDM4	-	-	-	CAMK2D	CAMK2D	-	-	Q00987_S0__Q9NRM7_S0__AFMM4:A:B	68.5282
-	RINT1	RINT1	-	-	-	LMBR1L_4_frame1	LMBR1L_4_frame1	-	-	Q6NUQ1_S0__Q6UX01_S0__AF4:A:B	24.9397
-	RINT1	RINT1	-	-	-	LMBR1L_1_frame1	LMBR1L_1_frame1	-	-	Q6NUQ1_S0__Q6UX01_S0__AF4:A:B	24.9397
-	RINT1	RINT1	-	-	-	LMBR1L_5_frame1	LMBR1L_5_frame1	-	-	Q6NUQ1_S0__Q6UX01_S0__AF4:A:B	24.9397
-	CDX4	CDX4	-	-	-	PTK2	PTK2	-	-	P14616_S2__P50222_S0__AFMM2:B:A	22.2728
-	CDX4	CDX4	-	-	-	LCK_2_frame1	LCK_2_frame1	-	-	P14616_S2__P50222_S0__AFMM2:B:A	25.9352
-	CDX4	CDX4	-	-	-	CDK20_3_frame1	CDK20_3_frame1	-	-	P14616_S2__P50222_S0__AFMM2:B:A	3.0119
-	CDX4	CDX4	-	-	-	ANKRD50_2_frame1	ANKRD50_2_frame1	-	-	O95271_S1__Q9Y2V3_S0__AFMM3:B:A	10.4823
-	CDX4	CDX4	-	-	-	PPP1R12B_1_frame1	PPP1R12B_1_frame1	-	-	O60902_S0__Q6P6B7_S0__AFMM2:A:B	21.2974
-	NOTCH2NL	NOTCH2NL	-	-	-	NOTCH2NL	NOTCH2NL	-	-	4D90_AU:B:A	75.7667
-	NOTCH2NL	NOTCH2NL	-	-	-	LAMB3_1_frame1	LAMB3_1_frame1	-	-	P55268_S3__Q13753_S1__AFMM2:A:B	53.7751
-	NOTCH2NL	NOTCH2NL	-	-	-	EFEMP2	EFEMP2	-	-	Q92832_S2__Q99435_S2__AFMM2:B:A	65.8948
-	NOTCH2NL	NOTCH2NL	-	-	-	LCK_2_frame1	LCK_2_frame1	-	-	P00533_S2__Q04721_S1__AFMM4:B:A	44.3589
-	NOTCH2NL	NOTCH2NL	-	-	-	LCK_1_frame1	LCK_1_frame1	-	-	P00533_S2__Q04721_S1__AFMM4:B:A	44.3589
-	LSM3	LSM3	-	-	-	LSM1_1_frame1	LSM1_1_frame1	-	-	1I8F:G:F	71.3806
-	LSM3	LSM3	-	-	-	LSM3	LSM3	-	-	1I8F:C:B	47.8853
-	NCF2_1_frame1	NCF2_1_frame1	-	-	-	PSTPIP1	PSTPIP1	-	-	P14598_S0__P19878_S0__AFMM1:B:A	60.0363
-	NCF2_1_frame1	NCF2_1_frame1	-	-	-	NCF2_1_frame1	NCF2_1_frame1	-	-	2A08_AU:B:A	10.9742
-	NCF2_1_frame1	NCF2_1_frame1	-	-	-	NCF2_3_frame1	NCF2_3_frame1	-	-	2A08_AU:B:A	10.9742
-	NCF2_1_frame1	NCF2_1_frame1	-	-	-	SORBS3	SORBS3	-	-	2A08_AU:B:A	10.9742
-	NCF2_1_frame1	NCF2_1_frame1	-	-	-	NCK2_1_frame1	NCK2_1_frame1	-	-	Q5HYK7_S0__Q96HL8_S0__AF1:A:B	17.8329
-	THAP1	THAP1	-	-	-	KRT40	KRT40	-	-	O76011_S0__Q9BT49_S0__AFMM5:B:A	68.9453
-	THAP1	THAP1	-	-	-	KRT19	KRT19	-	-	O76011_S0__Q9BT49_S0__AFMM5:B:A	68.9453
-	THAP1	THAP1	-	-	-	KRT18	KRT18	-	-	O76011_S0__Q9BT49_S0__AFMM5:B:A	68.9453
-	THAP1	THAP1	-	-	-	KRT15	KRT15	-	-	O76011_S0__Q9BT49_S0__AFMM5:B:A	68.9453
-	THAP1	THAP1	-	-	-	KRT33B	KRT33B	-	-	O76011_S0__Q9BT49_S0__AFMM5:B:A	68.9453
-	ACBD4_2_frame1	ACBD4_2_frame1	-	-	-	ACBD4_2_frame1	ACBD4_2_frame1	-	-	3EPY_AU:B:A	193.875
-	ACBD4_2_frame1	ACBD4_2_frame1	-	-	-	ACBD4_1_frame1	ACBD4_1_frame1	-	-	3EPY_AU:B:A	193.875
-	ACBD4_2_frame1	ACBD4_2_frame1	-	-	-	ACBD4_3_frame1	ACBD4_3_frame1	-	-	3EPY_AU:B:A	193.875
-	ACBD4_2_frame1	ACBD4_2_frame1	-	-	-	ACBD4_4_frame1	ACBD4_4_frame1	-	-	3EPY_AU:B:A	193.875
-	ACBD4_2_frame1	ACBD4_2_frame1	-	-	-	PTPRN	PTPRN	-	-	P18031_S0__Q5T8D3_S0__AFMM5:B:A	23.8312
-	TRIM9_ORF1	TRIM9_ORF1	-	-	-	TRIM9_ORF1	TRIM9_ORF1	-	-	Q6ZTA4_S0__Q9C026_S0__AFMM5:A:B	399.217
-	TRIM9_ORF1	TRIM9_ORF1	-	-	-	TRIP6_ORF1	TRIP6_ORF1	-	-	O43294_S0__Q6ZTA4_S0__AF:B:A	6.6017
-	TRIM9_ORF1	TRIM9_ORF1	-	-	-	CDK20_5_frame1	CDK20_5_frame1	-	-	Q6ZTA4_S0__Q9UQ88_S0__AF3:A:B	14.3581
-	TRIM9_ORF1	TRIM9_ORF1	-	-	-	CDK20_3_frame1	CDK20_3_frame1	-	-	Q6ZTA4_S0__Q9UQ88_S0__AF3:A:B	14.3581
-	TRIM9_ORF1	TRIM9_ORF1	-	-	-	CDK20_4_frame1	CDK20_4_frame1	-	-	Q6ZTA4_S0__Q9UQ88_S0__AF3:A:B	14.3581
-	SLC25A10_2_frame1	SLC25A10_2_frame1	-	-	-	STK25_3_frame1	STK25_3_frame1	-	-	P05141_S0__Q13233_S2__AFMM2:A:B	41.5868
-	TTC12	TTC12	-	-	-	TTC12	TTC12	-	-	2VYI_AU:B:A	5.1499
-	TTC12	TTC12	-	-	-	DYX1C1_2_frame1	DYX1C1_2_frame1	-	-	2VYI_AU:B:A	5.1499
-	TTC12	TTC12	-	-	-	SGTA	SGTA	-	-	2VYI_AU:B:A	5.1499
-	YARS_1_frame1	YARS_1_frame1	-	-	-	YARS_1_frame1	YARS_1_frame1	-	-	2CYB:B:A	137.433
-	YARS_1_frame1	YARS_1_frame1	-	-	-	THAP1	THAP1	-	-	Q12904_S0__Q9NVV9_S0__AFMM4:A:B	25.6784
-	DGUOK_5_frame3	DGUOK_5_frame3	-	-	-	DGUOK_1_frame1	DGUOK_1_frame1	-	-	P27707_S0__Q16854_S0__AF1:B:A	23.2964
-	DGUOK_5_frame3	DGUOK_5_frame3	-	-	-	DGUOK_5_frame3	DGUOK_5_frame3	-	-	P27707_S0__Q16854_S0__AF1:B:A	8.2611
-	MCMBP_3_frame1	MCMBP_3_frame1	-	-	-	MCM7_1_frame1	MCM7_1_frame1	-	-	P33991_S0__Q9BTE3_S0__AFMM2:B:A	41.0609
-	COG7_3_frame1	COG7_3_frame1	-	-	-	COG5	COG5	-	-	P83436_S1__Q9UP83_S0__AF:A:B	53.7625
-	PHF21B_2_frame1	PHF21B_2_frame1	-	-	-	STK25_1_frame1	STK25_1_frame1	-	-	Q12873_S1__Q8NEV1_S0__AFMM4:A:B	20.722
-	PSTPIP1	PSTPIP1	-	-	-	PSTPIP1	PSTPIP1	-	-	7AAN:B:A	395.03
-	PSTPIP1	PSTPIP1	-	-	-	PSTPIP2_3_frame1	PSTPIP2_3_frame1	-	-	7AAN:B:A	374.489
-	PSTPIP1	PSTPIP1	-	-	-	PSTPIP2_1_frame1	PSTPIP2_1_frame1	-	-	7AAN:B:A	383.888
-	PSTPIP1	PSTPIP1	-	-	-	NCF2_1_frame1	NCF2_1_frame1	-	-	P14598_S0__P19878_S0__AFMM1:A:B	109.189
-	PSTPIP1	PSTPIP1	-	-	-	CRK_2_frame1	CRK_2_frame1	-	-	P15498_S2__P46109_S0__AFMM2:B:A	22.3562
-	CDK20_5_frame1	CDK20_5_frame1	-	-	-	IRAK4_1_frame1	IRAK4_1_frame1	-	-	7P3V:B:A	103.052
-	CDK20_5_frame1	CDK20_5_frame1	-	-	-	LCK_2_frame1	LCK_2_frame1	-	-	7P3V:B:A	90.2929
-	CDK20_5_frame1	CDK20_5_frame1	-	-	-	LCK_1_frame1	LCK_1_frame1	-	-	7P3V:B:A	90.2929
-	CDK20_5_frame1	CDK20_5_frame1	-	-	-	ANKRD50_2_frame1	ANKRD50_2_frame1	-	-	P11802_S0__P42772_S0__AFMM3:A:B	55.6964
-	CDK20_5_frame1	CDK20_5_frame1	-	-	-	PPP1R12B_2_frame1	PPP1R12B_2_frame1	-	-	1G3N:A:B	64.1968
-	CDK20_3_frame1	CDK20_3_frame1	-	-	-	STK25_3_frame1	STK25_3_frame1	-	-	7L26_AU:B:A	198.839
-	CDK20_3_frame1	CDK20_3_frame1	-	-	-	STK25_2_frame2	STK25_2_frame2	-	-	7L26_AU:B:A	199.484
-	CDK20_3_frame1	CDK20_3_frame1	-	-	-	MNAT1_1_frame1	MNAT1_1_frame1	-	-	P50613_S0__P51948_S0__AFMM1:A:B	68.5205
-	CDK20_3_frame1	CDK20_3_frame1	-	-	-	LCK_2_frame1	LCK_2_frame1	-	-	3F5P_AU:D:C	27.4094
-	CDK20_3_frame1	CDK20_3_frame1	-	-	-	LCK_1_frame1	LCK_1_frame1	-	-	3F5P_AU:D:C	27.4094
-	NMNAT1	NMNAT1	-	-	-	NMNAT1	NMNAT1	-	-	9IW1:A:B	95.4105
-	CCNDBP1	CCNDBP1	-	-	-	ZNF471	ZNF471	-	-	O95273_S0__Q12901_S0__AFMM2:A:B	108.247
-	CCNDBP1	CCNDBP1	-	-	-	ZNF341_ORF1	ZNF341_ORF1	-	-	O95273_S0__Q12901_S0__AFMM2:A:B	86.8459
-	CCNDBP1	CCNDBP1	-	-	-	ZNF688_4_frame1	ZNF688_4_frame1	-	-	O95273_S0__Q12901_S0__AFMM2:A:B	39.56
-	CCNDBP1	CCNDBP1	-	-	-	ZBTB1	ZBTB1	-	-	O95273_S0__Q12901_S0__AFMM2:A:B	106.568
-	CCNDBP1	CCNDBP1	-	-	-	SP4	SP4	-	-	O95273_S0__Q7L945_S0__AF:A:B	28.0242
-	NR1H3	NR1H3	-	-	-	RARB	RARB	-	-	4NQA_AU:I:H	71.8386
-	NR1H3	NR1H3	-	-	-	NR1H3	NR1H3	-	-	P37231_S0__Q92731_S0__AFMM5:A:B	44.9779
-	NR1H3	NR1H3	-	-	-	NR1H4	NR1H4	-	-	P55055_S0__Q13133_S0__AFMM1:A:B	39.7842
-	NR1H3	NR1H3	-	-	-	ZKSCAN4_1_frame1	ZKSCAN4_1_frame1	-	-	P08047_S0__Q03181_S0__AFMM1:B:A	27.4359
-	NR1H3	NR1H3	-	-	-	ZNF483	ZNF483	-	-	P08047_S0__Q03181_S0__AFMM1:B:A	26.5799
-	U2AF1	U2AF1	-	-	-	U2AF1	U2AF1	-	-	7C08_AU:G:A	17.6566
-	U2AF1	U2AF1	-	-	-	RBM39	RBM39	-	-	Q14498_S0__Q8WU68_S0__AF1:B:A	11.2124
-	HSFY1	HSFY1	-	-	-	HSFY1	HSFY1	-	-	5HDN:B:A	9.4882
-	TADA2A_ORF1	TADA2A_ORF1	-	-	-	TADA3	TADA3	-	-	O75478_S0__O75528_S0__AFMM5:A:B	207.452
-	PMM2_1_frame1	PMM2_1_frame1	-	-	-	PMM2_1_frame1	PMM2_1_frame1	-	-	6I5X:A:D	82.0978
-	BTRC_4_frame1	BTRC_4_frame1	-	-	-	BTRC_3_frame1	BTRC_3_frame1	-	-	Q9UKB1_S0__Q9Y297_S0__AFMM3:B:A	46.2343
-	BTRC_4_frame1	BTRC_4_frame1	-	-	-	BTRC_4_frame1	BTRC_4_frame1	-	-	Q9UKB1_S0__Q9Y297_S0__AFMM3:A:B	46.2343
-	BTRC_4_frame1	BTRC_4_frame1	-	-	-	BTRC_1_frame1	BTRC_1_frame1	-	-	Q9UKB1_S0__Q9Y297_S0__AFMM3:B:A	46.2343
-	BTRC_4_frame1	BTRC_4_frame1	-	-	-	EHMT2	EHMT2	-	-	6W5M:B:C	9.6151
-	BTRC_4_frame1	BTRC_4_frame1	-	-	-	IRAK4_1_frame1	IRAK4_1_frame1	-	-	Q969H0_S0__Q9H0K1_S0__AF:A:B	1.1729
-	GINS3_1_frame1	GINS3_1_frame1	-	-	-	MCM7_1_frame1	MCM7_1_frame1	-	-	6RAX:M:3	60.2368
-	SIAH1_ORF1	SIAH1_ORF1	-	-	-	SIAH1_ORF1	SIAH1_ORF1	-	-	O43255_S0__Q8IUQ4_S0__AFMM1:A:B	54.2123
-	SIAH1_ORF1	SIAH1_ORF1	-	-	-	SIAH1_ORF2	SIAH1_ORF2	-	-	O43255_S0__Q8IUQ4_S0__AFMM1:A:B	54.2123
-	DOCK8	DOCK8	-	-	-	DOCK8	DOCK8	-	-	6TKY_AU:B:A	4.8762
-	WAC	WAC	-	-	-	RNF40_2_frame1	RNF40_2_frame1	-	-	Q5VTR2_S1__Q9BTA9_S0__AFMM2:B:A	90.4109
-	WAC	WAC	-	-	-	RNF40_1_frame1	RNF40_1_frame1	-	-	Q5VTR2_S1__Q9BTA9_S0__AFMM2:B:A	90.4109
-	WAC	WAC	-	-	-	MTUS2	MTUS2	-	-	Q5JR59_S0__Q9BTA9_S0__AFMM5:B:A	44.0823
-	PPP1CB	PPP1CB	-	-	-	ANKRD50_2_frame1	ANKRD50_2_frame1	-	-	P62136_S0__Q9Y6X6_S1__AFMM1:A:B	66.2114
-	PPP1CB	PPP1CB	-	-	-	AKT1_1_frame1	AKT1_1_frame1	-	-	P16298_S0__Q8IWU2_S0__AF:A:B	0.2305
-	TCF4	TCF4	-	-	-	TCF4	TCF4	-	-	6T78_AU:A:B	2.145
-	TCF4	TCF4	-	-	-	AES	AES	-	-	Q04727_S0__Q9NQB0_S0__AFMM2:B:A	18.4071
-	TCF4	TCF4	-	-	-	EHMT2	EHMT2	-	-	Q9NQB0_S0__Q9NQR1_S0__AFMM1:A:B	21.0025
-	LCP2	LCP2	-	-	-	NCK1_2_frame1	NCK1_2_frame1	-	-	P08631_S0__Q13094_S0__AFMM1:B:A	18.9549
-	LCP2	LCP2	-	-	-	WASL	WASL	-	-	O43516_S0__P42768_S0__AFMM5:A:B	101.632
-	VPS28_1_frame1	VPS28_1_frame1	-	-	-	VPS28_1_frame1	VPS28_1_frame1	-	-	6VME_AU:X:Y	30.3513
-	VPS28_1_frame1	VPS28_1_frame1	-	-	-	VPS28_2_frame1	VPS28_2_frame1	-	-	6VME_AU:X:Y	30.3513
-	KRT31	KRT31	-	-	-	KRT6A_1_frame1	KRT6A_1_frame1	-	-	P19013_S0__Q2M2I5_S0__AF3:B:A	277.723
-	KRT31	KRT31	-	-	-	NEFL	NEFL	-	-	P19013_S0__Q2M2I5_S0__AF3:B:A	332.941
-	KRT31	KRT31	-	-	-	DES	DES	-	-	P19013_S0__Q2M2I5_S0__AF3:B:A	308.159
-	KRT31	KRT31	-	-	-	KRT13	KRT13	-	-	A0A140TA62_S0__Q7Z3Y8_S0__AFMM5:A:B	248.5
-	KRT31	KRT31	-	-	-	KRT31	KRT31	-	-	A0A140TA62_S0__Q7Z3Y8_S0__AFMM5:B:A	246.775
-	ZSCAN20	ZSCAN20	-	-	-	ZNF341_ORF1	ZNF341_ORF1	-	-	O43345_S2__Q05481_S2__AF:A:B	80.0543
-	ZSCAN20	ZSCAN20	-	-	-	ZBTB1	ZBTB1	-	-	Q13105_S0__Q6ZSB9_S0__AFMM5:A:B	54.3561
-	ZSCAN20	ZSCAN20	-	-	-	ZKSCAN4_3_frame1	ZKSCAN4_3_frame1	-	-	P17040_S0__Q3MJ62_S0__AFMM2:A:B	62.9726
-	ZSCAN20	ZSCAN20	-	-	-	ZNF688_2_frame1	ZNF688_2_frame1	-	-	Q96IT1_S0__Q9Y5A6_S0__AFMM3:B:A	64.2285
-	ZSCAN20	ZSCAN20	-	-	-	CCNDBP1	CCNDBP1	-	-	O95273_S0__Q12901_S0__AFMM2:B:A	88.7551
-	RXRB_1_frame1	RXRB_1_frame1	-	-	-	RARB	RARB	-	-	4IQR_AU:B:A	63.6176
-	RXRB_1_frame1	RXRB_1_frame1	-	-	-	RXRB_1_frame1	RXRB_1_frame1	-	-	P13056_S0__P49116_S0__AFMM1:A:B	83.1568
-	RXRB_1_frame1	RXRB_1_frame1	-	-	-	RXRB_2_frame1	RXRB_2_frame1	-	-	P13056_S0__P49116_S0__AFMM1:A:B	83.1568
-	RXRB_1_frame1	RXRB_1_frame1	-	-	-	RXRB_4_frame2	RXRB_4_frame2	-	-	P13056_S0__P49116_S0__AFMM1:B:A	99.5126
-	RXRB_1_frame1	RXRB_1_frame1	-	-	-	L3MBTL3	L3MBTL3	-	-	P41235_S0__Q05BQ5_S0__AF1:A:B	1.4292
-	KRT13	KRT13	-	-	-	NEFL_2_frame1	NEFL_2_frame1	-	-	P07197_S0__P08670_S0__AFMM5:B:A	268.149
-	KRT13	KRT13	-	-	-	NEFL_1_frame1	NEFL_1_frame1	-	-	Q3SY84_S0__Q7Z3Y8_S0__AFMM3:B:A	204.402
-	KRT13	KRT13	-	-	-	SSX2IP_ORF1	SSX2IP_ORF1	-	-	P19012_S0__Q9Y2D8_S0__AFMM3:A:B	88.3834
-	KRT13	KRT13	-	-	-	SSX2IP_ORF2	SSX2IP_ORF2	-	-	P19012_S0__Q9Y2D8_S0__AFMM3:A:B	88.3834
-	KRT13	KRT13	-	-	-	THAP1	THAP1	-	-	O76011_S0__Q9BT49_S0__AFMM5:A:B	69.4276
-	GLRX3	GLRX3	-	-	-	GLRX3	GLRX3	-	-	6BKV_AU:A:B	42.4863
-	GLRX3	GLRX3	-	-	-	EHMT2	EHMT2	-	-	P58546_S0__Q86SX6_S0__AFMM1:B:A	3.6914
-	GLRX3	GLRX3	-	-	-	ANKRD50_1_frame1	ANKRD50_1_frame1	-	-	P58546_S0__Q86SX6_S0__AFMM1:B:A	4.8235
-	GLRX3	GLRX3	-	-	-	ANKRD50_2_frame1	ANKRD50_2_frame1	-	-	P58546_S0__Q86SX6_S0__AFMM1:B:A	4.8235
-	GORASP1	GORASP1	-	-	-	GORASP1	GORASP1	-	-	4EDJ_AU:B:A	60.8746
-	REEP6	REEP6	-	-	-	REEP6	REEP6	-	-	Q00765_S0__Q96HR9_S0__AF1:B:A	84.8792
-	ZCWPW1_2_frame1	ZCWPW1_2_frame1	-	-	-	ZCWPW1_6_frame1	ZCWPW1_6_frame1	-	-	7VLN_AU:C:B	5.1987
-	ZCWPW1_2_frame1	ZCWPW1_2_frame1	-	-	-	ZCWPW1_2_frame1	ZCWPW1_2_frame1	-	-	7VLN_AU:C:B	5.1987
-	ZCWPW1_2_frame1	ZCWPW1_2_frame1	-	-	-	ZCWPW1_1_frame1	ZCWPW1_1_frame1	-	-	7VLN_AU:C:B	5.1987
-	ZCWPW1_2_frame1	ZCWPW1_2_frame1	-	-	-	ZCWPW1_4_frame1	ZCWPW1_4_frame1	-	-	7VLN_AU:C:B	5.1987
-	ZCWPW1_2_frame1	ZCWPW1_2_frame1	-	-	-	ZCWPW1_5_frame1	ZCWPW1_5_frame1	-	-	7VLN_AU:C:B	5.1987
-	ELK3	ELK3	-	-	-	CDK5_1_frame1	CDK5_1_frame1	-	-	P28482_S0__P41162_S0__AFMM1:B:A	68.9703
-	ELK3	ELK3	-	-	-	MAPK7	MAPK7	-	-	P28482_S0__P41162_S0__AFMM1:B:A	76.3942
-	ELK3	ELK3	-	-	-	CDK20_1_frame1	CDK20_1_frame1	-	-	P28482_S0__P41162_S0__AFMM1:B:A	69.6844
-	ELK3	ELK3	-	-	-	CAMK2D	CAMK2D	-	-	P28482_S0__P41162_S0__AFMM1:B:A	76.1738
-	ELK3	ELK3	-	-	-	CDK5_2_frame1	CDK5_2_frame1	-	-	P28482_S0__P41162_S0__AFMM1:B:A	69.7799
-	IVD_1_frame1	IVD_1_frame1	-	-	-	IVD_1_frame1	IVD_1_frame1	-	-	4KTO:A:C	113.115
-	IVD_1_frame1	IVD_1_frame1	-	-	-	IVD_2_frame1	IVD_2_frame1	-	-	4O5M:B:D	124.337
-	ARRB1	ARRB1	-	-	-	ARRB1	ARRB1	-	-	9KYU:D:A	106.341
-	ARRB1	ARRB1	-	-	-	CXCR3_1_frame1	CXCR3_1_frame1	-	-	9E82:A:R	57.3545
-	ARRB1	ARRB1	-	-	-	LCK_2_frame1	LCK_2_frame1	-	-	9CX3:B:C	12.4055
-	ARRB1	ARRB1	-	-	-	LCK_1_frame1	LCK_1_frame1	-	-	9CX3:B:C	12.4055
-	ARRB1	ARRB1	-	-	-	NCK2_1_frame1	NCK2_1_frame1	-	-	9CX3:B:C	12.4055
-	CLCN2_3_frame1	CLCN2_3_frame1	-	-	-	CLCN2_3_frame1	CLCN2_3_frame1	-	-	2PFI:A:B	26.1381
-	CLCN2_3_frame1	CLCN2_3_frame1	-	-	-	CLCN2_2_frame1	CLCN2_2_frame1	-	-	2PFI:A:B	26.1381
-	CLCN2_3_frame1	CLCN2_3_frame1	-	-	-	CLCN2_4_frame1	CLCN2_4_frame1	-	-	7XF5:A:B	21.9414
-	CLCN2_3_frame1	CLCN2_3_frame1	-	-	-	CLCN2_1_frame1	CLCN2_1_frame1	-	-	8TA5:B:A	11.5851
-	SLC25A10_1_frame1	SLC25A10_1_frame1	-	-	-	STK25_3_frame1	STK25_3_frame1	-	-	P05141_S0__Q13233_S2__AFMM2:A:B	41.5868
-	AHCYL1	AHCYL1	-	-	-	AHCYL1	AHCYL1	-	-	5UTU_AU:G:H	197.705
-	RBPMS	RBPMS	-	-	-	RBPMS	RBPMS	-	-	5DET:A:B	41.5443
-	RBPMS	RBPMS	-	-	-	FHL2	FHL2	-	-	P61968_S0__Q93062_S0__AF:B:A	31.1393
-	RBPMS	RBPMS	-	-	-	CDC23	CDC23	-	-	Q93062_S0__Q9UJX2_S0__AFMM1:A:B	53.6082
-	SMUG1_2_frame1	SMUG1_2_frame1	-	-	-	SMUG1_2_frame1	SMUG1_2_frame1	-	-	5H93_AU:C:B	43.7183
-	SMUG1_2_frame1	SMUG1_2_frame1	-	-	-	SMUG1_1_frame1	SMUG1_1_frame1	-	-	5H93_AU:C:B	43.7183
-	CARD9_ORF2	CARD9_ORF2	-	-	-	CARD9_ORF1	CARD9_ORF1	-	-	6E28:D:C	223.058
-	CARD9_ORF2	CARD9_ORF2	-	-	-	CARD9_ORF2	CARD9_ORF2	-	-	6E28:D:C	223.058
-	ZKSCAN4_1_frame1	ZKSCAN4_1_frame1	-	-	-	TRAF4	TRAF4	-	-	P10073_S0__Q6P9G9_S0__AFMM2:A:B	85.5368
-	ZKSCAN4_1_frame1	ZKSCAN4_1_frame1	-	-	-	CCNDBP1	CCNDBP1	-	-	O95273_S0__Q12901_S0__AFMM2:B:A	107.822
-	ZKSCAN4_1_frame1	ZKSCAN4_1_frame1	-	-	-	MEOX1	MEOX1	-	-	P31273_S0__Q8IZ26_S0__AF1:B:A	4.3336
-	ZKSCAN4_1_frame1	ZKSCAN4_1_frame1	-	-	-	DLX3	DLX3	-	-	P31273_S0__Q8IZ26_S0__AF1:B:A	4.3336
-	ZKSCAN4_1_frame1	ZKSCAN4_1_frame1	-	-	-	MEOX2	MEOX2	-	-	P31273_S0__Q8IZ26_S0__AF1:B:A	4.3336
-	RARA_ORF1	RARA_ORF1	-	-	-	NR1H4	NR1H4	-	-	4NQA_AU:H:I	73.7182
-	RARA_ORF1	RARA_ORF1	-	-	-	RXRB_3_frame1	RXRB_3_frame1	-	-	4NQA_AU:H:I	71.4838
-	RARA_ORF1	RARA_ORF1	-	-	-	NR1D1	NR1D1	-	-	4NQA_AU:I:H	53.884
-	RARA_ORF1	RARA_ORF1	-	-	-	RARB	RARB	-	-	3E00:A:D	65.8855
-	RARA_ORF1	RARA_ORF1	-	-	-	ZKSCAN4_1_frame1	ZKSCAN4_1_frame1	-	-	P08047_S0__Q03181_S0__AFMM1:B:A	29.7428
-	ABCF3_2_frame1	ABCF3_2_frame1	-	-	-	ABCF3_2_frame1	ABCF3_2_frame1	-	-	5ZXD_AU:A:B	3.1725
-	ABCF3_2_frame1	ABCF3_2_frame1	-	-	-	ABCF3_1_frame1	ABCF3_1_frame1	-	-	5ZXD_AU:A:B	28.636
-	CARD9_ORF1	CARD9_ORF1	-	-	-	CARD9_ORF1	CARD9_ORF1	-	-	6E28:D:C	223.058
-	CARD9_ORF1	CARD9_ORF1	-	-	-	CARD9_ORF2	CARD9_ORF2	-	-	6E28:D:C	223.058
-	CREB3L1_ORF2	CREB3L1_ORF2	-	-	-	CREB3L1_ORF2	CREB3L1_ORF2	-	-	P16220_S0__P18846_S0__AFMM2:B:A	40.3344
-	CREB3L1_ORF2	CREB3L1_ORF2	-	-	-	CREB3L1_ORF1	CREB3L1_ORF1	-	-	P16220_S0__P18846_S0__AFMM2:B:A	33.5825
-	CREB3L1_ORF2	CREB3L1_ORF2	-	-	-	ATF4_ORF1	ATF4_ORF1	-	-	P18848_S0__Q68CJ9_S0__AFMM5:B:A	42.7476
-	CREB3L1_ORF2	CREB3L1_ORF2	-	-	-	IRAK4_1_frame1	IRAK4_1_frame1	-	-	O43318_S0__P16220_S0__AFMM1:B:A	45.5345
-	CREB3L1_ORF2	CREB3L1_ORF2	-	-	-	CDK20_4_frame1	CDK20_4_frame1	-	-	O43318_S0__P16220_S0__AFMM1:B:A	2.1892
-	WASL	WASL	-	-	-	NCK1_1_frame1	NCK1_1_frame1	-	-	P42768_S0__Q5T0N5_S0__AFMM1:A:B	16.7849
-	WASL	WASL	-	-	-	LCP2	LCP2	-	-	O00401_S0__O43516_S0__AFMM5:A:B	106.78
-	WASL	WASL	-	-	-	PSTPIP1	PSTPIP1	-	-	O00401_S0__Q9NZQ3_S0__AFMM1:A:B	30.2554
-	RIN1_1_frame1	RIN1_1_frame1	-	-	-	NCK1_3_frame1	NCK1_3_frame1	-	-	O15524_S0__O75159_S0__AF:A:B	0.0
-	RIN1_1_frame1	RIN1_1_frame1	-	-	-	NCK2_1_frame1	NCK2_1_frame1	-	-	O14508_S0__O15524_S0__AF:B:A	0.0
-	CSGALNACT2_3_frame1	CSGALNACT2_3_frame1	-	-	-	CSGALNACT2_3_frame1	CSGALNACT2_3_frame1	-	-	Q8N6G5_S0__Q8TDX6_S0__AFMM3:B:A	24.4212
-	CSGALNACT2_3_frame1	CSGALNACT2_3_frame1	-	-	-	CSGALNACT2_2_frame1	CSGALNACT2_2_frame1	-	-	Q8N6G5_S0__Q8TDX6_S0__AFMM3:B:A	24.6087
-	ZBTB32_2_frame1	ZBTB32_2_frame1	-	-	-	ZBTB1	ZBTB1	-	-	Q9H5J0_S0__Q9UJP4_S0__AFMM2:B:A	56.7441
-	ZBTB32_2_frame1	ZBTB32_2_frame1	-	-	-	KLHL6	KLHL6	-	-	Q6TFL4_S0__Q9UJP4_S0__AFMM1:B:A	60.057
-	STK25_2_frame2	STK25_2_frame2	-	-	-	STK25_3_frame1	STK25_3_frame1	-	-	7L26_AU:A:B	199.123
-	STK25_2_frame2	STK25_2_frame2	-	-	-	CDK20_1_frame1	CDK20_1_frame1	-	-	7L26_AU:B:A	193.144
-	STK25_2_frame2	STK25_2_frame2	-	-	-	CDK20_5_frame1	CDK20_5_frame1	-	-	7P3V:A:B	143.629
-	STK25_2_frame2	STK25_2_frame2	-	-	-	IRAK4_1_frame1	IRAK4_1_frame1	-	-	3DAK:A:D	98.3897
-	STK25_2_frame2	STK25_2_frame2	-	-	-	CDK5_2_frame1	CDK5_2_frame1	-	-	7L26_AU:A:B	177.716
-	SHMT2_2_frame3	SHMT2_2_frame3	-	-	-	SHMT2_2_frame3	SHMT2_2_frame3	-	-	6SMR:A:B	224.882
-	SHMT2_2_frame3	SHMT2_2_frame3	-	-	-	SHMT2_1_frame1	SHMT2_1_frame1	-	-	6SMR:A:B	205.695
-	KCNA3	KCNA3	-	-	-	KCNA3	KCNA3	-	-	P16389_S0__Q09470_S0__AFMM2:A:B	112.967
-	KCNA3	KCNA3	-	-	-	KCNIP4	KCNIP4	-	-	7E8H:B:F	57.9603
-	TRIM27_ORF1	TRIM27_ORF1	-	-	-	TRIM27_ORF1	TRIM27_ORF1	-	-	Q9BYJ4_S0__Q9C035_S0__AFMM2:B:A	185.709
-	TRIM27_ORF1	TRIM27_ORF1	-	-	-	TRIM27_ORF2	TRIM27_ORF2	-	-	Q9BYJ4_S0__Q9C030_S0__AFMM2:A:B	207.919
-	TRIM27_ORF1	TRIM27_ORF1	-	-	-	TRIM17	TRIM17	-	-	P19474_S0__Q9Y577_S0__AFMM1:A:B	231.013
-	TRIM27_ORF1	TRIM27_ORF1	-	-	-	MID2	MID2	-	-	5OLM:B:A	119.344
-	LDB3_3_frame1	LDB3_3_frame1	-	-	-	LDB3_3_frame1	LDB3_3_frame1	-	-	4Q2O:A:B	102.084
-	LDB3_3_frame1	LDB3_3_frame1	-	-	-	LDB3_2_frame1	LDB3_2_frame1	-	-	4Q2O:A:B	102.151
-	LDB3_3_frame1	LDB3_3_frame1	-	-	-	GOPC	GOPC	-	-	2IWP:B:A	46.9149
-	LDB3_3_frame1	LDB3_3_frame1	-	-	-	ACTN4_1_frame1	ACTN4_1_frame1	-	-	O00151_S0__O43707_S2__AFMM2:A:B	50.0935
-	LDB3_3_frame1	LDB3_3_frame1	-	-	-	ACTN1	ACTN1	-	-	O00151_S0__O43707_S2__AFMM2:A:B	50.0935
-	BANP_7_frame1	BANP_7_frame1	-	-	-	BANP_7_frame1	BANP_7_frame1	-	-	8HTX_AU:A:B	6.9115
-	BANP_7_frame1	BANP_7_frame1	-	-	-	BANP_3_frame1	BANP_3_frame1	-	-	8HTX_AU:A:B	6.9115
-	BANP_7_frame1	BANP_7_frame1	-	-	-	BANP_5_frame1	BANP_5_frame1	-	-	8HTX_AU:A:B	6.9115
-	BANP_7_frame1	BANP_7_frame1	-	-	-	BANP_1_frame1	BANP_1_frame1	-	-	8HTX_AU:A:B	6.9115
-	BANP_7_frame1	BANP_7_frame1	-	-	-	BANP_4_frame1	BANP_4_frame1	-	-	8HTX_AU:A:B	6.9115
-	CASP2	CASP2	-	-	-	CASP2	CASP2	-	-	P31944_S0__P42575_S0__AF:A:B	71.1246
-	CASP2	CASP2	-	-	-	CASP2_1_frame1	CASP2_1_frame1	-	-	P31944_S0__P42575_S0__AF:A:B	71.1246
-	CASP2	CASP2	-	-	-	EHMT2	EHMT2	-	-	2P2C_AU:H:S	8.9339
-	CASP2	CASP2	-	-	-	ANKRD50_1_frame1	ANKRD50_1_frame1	-	-	2P2C_AU:H:S	8.9339
-	CASP2	CASP2	-	-	-	PPP1R12B_2_frame1	PPP1R12B_2_frame1	-	-	2P2C:B:P	23.3551
-	DTNBP1	DTNBP1	-	-	-	P4HA3	P4HA3	-	-	Q7Z4N8_S0__Q96EV8_S0__AFMM4:B:A	47.3505
-	FBXO8_1_frame1	FBXO8_1_frame1	-	-	-	TRIM23	TRIM23	-	-	4C0A_AU:B:G	32.6724
-	FBXO8_1_frame1	FBXO8_1_frame1	-	-	-	FBXO8_1_frame1	FBXO8_1_frame1	-	-	5NLY_AU:A:B	23.0593
-	FBXO8_1_frame1	FBXO8_1_frame1	-	-	-	PPP3R1	PPP3R1	-	-	7VMB:A:C	11.8983
-	GOLGA2_ORF1	GOLGA2_ORF1	-	-	-	DES	DES	-	-	O95678_S0__Q08379_S0__AFMM3:B:A	142.001
-	GOLGA2_ORF1	GOLGA2_ORF1	-	-	-	KRT6A_1_frame1	KRT6A_1_frame1	-	-	O95678_S0__Q08379_S0__AFMM3:B:A	142.001
-	MEF2A_4_frame1	MEF2A_4_frame1	-	-	-	MEF2A_4_frame1	MEF2A_4_frame1	-	-	7X1N_AU:D:A	215.497
-	MEF2A_4_frame1	MEF2A_4_frame1	-	-	-	MEF2A_3_frame1	MEF2A_3_frame1	-	-	7X1N_AU:D:A	215.497
-	MEF2A_4_frame1	MEF2A_4_frame1	-	-	-	CDX4	CDX4	-	-	6WC2_AU:D:O	11.0467
-	MEF2A_4_frame1	MEF2A_4_frame1	-	-	-	MEOX1	MEOX1	-	-	6WC2_AU:D:O	11.0467
-	MEF2A_4_frame1	MEF2A_4_frame1	-	-	-	DLX3	DLX3	-	-	6WC2_AU:D:O	11.0467
-	ZBTB32_1_frame1	ZBTB32_1_frame1	-	-	-	ZBTB1	ZBTB1	-	-	Q8NCN2_S0__Q9UJP4_S0__AFMM5:B:A	72.5463
-	ZBTB32_1_frame1	ZBTB32_1_frame1	-	-	-	KLHL6	KLHL6	-	-	Q6TFL4_S0__Q9UJP4_S0__AFMM1:B:A	68.0969
-	ZBTB32_1_frame1	ZBTB32_1_frame1	-	-	-	ZKSCAN4_1_frame1	ZKSCAN4_1_frame1	-	-	Q9UJP4_S0__Q9ULD5_S0__AF:A:B	2.4631
-	ZBTB32_1_frame1	ZBTB32_1_frame1	-	-	-	ZNF688_1_frame1	ZNF688_1_frame1	-	-	Q9UJP4_S0__Q9ULD5_S0__AF:A:B	2.4631
-	ZBTB32_1_frame1	ZBTB32_1_frame1	-	-	-	ZNF471	ZNF471	-	-	Q9UJP4_S0__Q9ULD5_S0__AF:A:B	2.4631
-	DES	DES	-	-	-	KRT6A_1_frame1	KRT6A_1_frame1	-	-	O76015_S0__P78385_S0__AFMM5:A:B	230.791
-	DES	DES	-	-	-	NEFL_1_frame1	NEFL_1_frame1	-	-	O76015_S0__P78385_S0__AFMM5:B:A	234.424
-	DES	DES	-	-	-	KRT40	KRT40	-	-	Q01546_S0__Q7Z3Y8_S0__AFMM5:A:B	227.282
-	DES	DES	-	-	-	GOLGA2_ORF1	GOLGA2_ORF1	-	-	O95678_S0__Q08379_S0__AFMM3:A:B	148.843
-	DES	DES	-	-	-	GOLGA2_ORF2	GOLGA2_ORF2	-	-	O95678_S0__Q08379_S0__AFMM3:A:B	159.653
-	AP3B1_3_frame1	AP3B1_3_frame1	-	-	-	TRIM23	TRIM23	-	-	9C5A:B:C	4.5645
-	IVD_2_frame1	IVD_2_frame1	-	-	-	IVD_1_frame1	IVD_1_frame1	-	-	4O5M:D:B	124.337
-	IVD_2_frame1	IVD_2_frame1	-	-	-	IVD_2_frame1	IVD_2_frame1	-	-	4O5M:D:B	126.872
-	TRIM17	TRIM17	-	-	-	TRIM27_ORF1	TRIM27_ORF1	-	-	P19474_S0__Q9Y577_S0__AFMM1:B:A	231.013
-	TRIM17	TRIM17	-	-	-	TRIM17	TRIM17	-	-	P19474_S0__Q9Y577_S0__AFMM1:B:A	237.66
-	TRIM17	TRIM17	-	-	-	TRIM27_ORF2	TRIM27_ORF2	-	-	Q9BYJ4_S0__Q9C030_S0__AFMM2:A:B	219.445
-	TRIM17	TRIM17	-	-	-	MID2	MID2	-	-	5OLM:B:A	119.339
-	PPFIBP2	PPFIBP2	-	-	-	ANKRD50_1_frame1	ANKRD50_1_frame1	-	-	Q14678_S0__Q86W92_S1__AFMM2:B:A	68.1108
-	PPFIBP2	PPFIBP2	-	-	-	PPP1R12B_2_frame1	PPP1R12B_2_frame1	-	-	Q14678_S0__Q86W92_S1__AFMM2:B:A	27.8925
-	PPFIBP2	PPFIBP2	-	-	-	LZTS2	LZTS2	-	-	Q674X7_S0__Q9Y250_S0__AFMM3:A:B	25.328
-	PPFIBP2	PPFIBP2	-	-	-	ANKRD50_2_frame1	ANKRD50_2_frame1	-	-	O75334_S2__Q9Y2X7_S0__AF:A:B	5.1957
-	PPFIBP2	PPFIBP2	-	-	-	TFIP11	TFIP11	-	-	O75145_S2__Q9UBB9_S0__AFMM3:A:B	29.2659
-	NEFL	NEFL	-	-	-	KRT19	KRT19	-	-	O76014_S0__P19013_S0__AFMM5:B:A	334.29
-	NEFL	NEFL	-	-	-	KRT18	KRT18	-	-	O76014_S0__P19013_S0__AFMM5:B:A	331.901
-	NEFL	NEFL	-	-	-	KRT15	KRT15	-	-	P78386_S0__Q92764_S0__AFMM2:A:B	244.598
-	NEFL	NEFL	-	-	-	KRT33B	KRT33B	-	-	O76014_S0__P19013_S0__AFMM5:B:A	367.66
-	NEFL	NEFL	-	-	-	KRT6A_1_frame1	KRT6A_1_frame1	-	-	O76014_S0__P78385_S0__AFMM5:A:B	301.175
-	ZNF483	ZNF483	-	-	-	ZNF471	ZNF471	-	-	O43345_S2__Q05481_S2__AF:B:A	123.646
-	ZNF483	ZNF483	-	-	-	ZNF688_4_frame1	ZNF688_4_frame1	-	-	O43345_S2__Q05481_S2__AF:B:A	79.4945
-	ZNF483	ZNF483	-	-	-	SP4	SP4	-	-	O43345_S2__Q05481_S2__AF:B:A	99.8831
-	ZNF483	ZNF483	-	-	-	ZNF341_ORF2	ZNF341_ORF2	-	-	O43345_S2__Q05481_S2__AF:A:B	91.5069
-	ZNF483	ZNF483	-	-	-	ZNF341_ORF1	ZNF341_ORF1	-	-	O43345_S2__Q05481_S2__AF:A:B	93.4584
-	RBCK1	RBCK1	-	-	-	RBCK1	RBCK1	-	-	5Y3T:C:A	99.1409
-	RBCK1	RBCK1	-	-	-	MPP1	MPP1	-	-	Q6ZMZ0_S0__Q9NZW5_S0__AF:A:B	59.087
-	ACTN4_1_frame1	ACTN4_1_frame1	-	-	-	ACTN4_1_frame1	ACTN4_1_frame1	-	-	7ANK:B:A	94.7499
-	ACTN4_1_frame1	ACTN4_1_frame1	-	-	-	ACTN1	ACTN1	-	-	7ANK:B:A	94.7499
-	ACTN4_1_frame1	ACTN4_1_frame1	-	-	-	MYOZ2	MYOZ2	-	-	7ANK:A:C	32.1765
-	ACTN4_1_frame1	ACTN4_1_frame1	-	-	-	ACTN4_4_frame3	ACTN4_4_frame3	-	-	7ANK:A:B	93.2835
-	ACTN4_1_frame1	ACTN4_1_frame1	-	-	-	IRAK4_1_frame1	IRAK4_1_frame1	-	-	7B55:A:B	20.3513
-	RARA_ORF2	RARA_ORF2	-	-	-	NR1H4	NR1H4	-	-	4NQA_AU:H:I	75.1764
-	RARA_ORF2	RARA_ORF2	-	-	-	RXRB_3_frame1	RXRB_3_frame1	-	-	4NQA_AU:H:I	74.8168
-	RARA_ORF2	RARA_ORF2	-	-	-	NR1D1	NR1D1	-	-	4NQA_AU:I:H	49.7087
-	RARA_ORF2	RARA_ORF2	-	-	-	RARB	RARB	-	-	4NQA_AU:H:I	75.1716
-	RARA_ORF2	RARA_ORF2	-	-	-	NR1H3	NR1H3	-	-	4NQA_AU:H:I	75.5206
-	EFEMP2	EFEMP2	-	-	-	NOTCH2NL	NOTCH2NL	-	-	Q92832_S2__Q99435_S2__AFMM2:A:B	65.3029
-	EFEMP2	EFEMP2	-	-	-	LAMB3_1_frame1	LAMB3_1_frame1	-	-	O00548_S0__Q04721_S2__AFMM2:B:A	55.4338
-	EFEMP2	EFEMP2	-	-	-	EFEMP2	EFEMP2	-	-	P35443_S2__P49747_S0__AF1:A:B	35.8053
-	EFEMP2	EFEMP2	-	-	-	PTK2	PTK2	-	-	P29320_S2__Q04721_S2__AFMM3:B:A	3.7873
-	EFEMP2	EFEMP2	-	-	-	LCK_2_frame1	LCK_2_frame1	-	-	P46531_S2__Q15375_S2__AFMM5:A:B	9.4929
-	EHMT2	EHMT2	-	-	-	STK25_1_frame1	STK25_1_frame1	-	-	3ZU7:B:A	48.5665
-	EHMT2	EHMT2	-	-	-	CAMK2D	CAMK2D	-	-	3ZU7:B:A	48.5665
-	EHMT2	EHMT2	-	-	-	STK25_3_frame1	STK25_3_frame1	-	-	2V5Q:D:A	27.5793
-	EHMT2	EHMT2	-	-	-	PLK4	PLK4	-	-	2V5Q:D:A	27.5793
-	EHMT2	EHMT2	-	-	-	BTRC_3_frame1	BTRC_3_frame1	-	-	6W5M:C:B	2.8764
-	PCBD1	PCBD1	-	-	-	PCBD1	PCBD1	-	-	P61457_S0__Q9H0N5_S0__AFMM2:A:B	39.8285
-	PCBD1	PCBD1	-	-	-	ZNF483	ZNF483	-	-	P0C7X2_S0__P61457_S0__AF1:B:A	7.9918
-	PCBD1	PCBD1	-	-	-	ZBTB7B	ZBTB7B	-	-	P0C7X2_S0__P61457_S0__AF1:B:A	7.9918
-	PCBD1	PCBD1	-	-	-	ZNF688_2_frame1	ZNF688_2_frame1	-	-	P0C7X2_S0__P61457_S0__AF1:B:A	9.2272
-	PCBD1	PCBD1	-	-	-	ZNF341_ORF2	ZNF341_ORF2	-	-	P0C7X2_S0__P61457_S0__AF1:B:A	7.9918
-	MCM7_2_frame1	MCM7_2_frame1	-	-	-	MCM7_1_frame1	MCM7_1_frame1	-	-	5V8F:7:3	36.3528
-	UCK1_3_frame1	UCK1_3_frame1	-	-	-	UCK1_3_frame1	UCK1_3_frame1	-	-	6PWZ_AU:H:B	58.5987
-	UCK1_3_frame1	UCK1_3_frame1	-	-	-	UCK1_1_frame1	UCK1_1_frame1	-	-	6N55:H:A	51.3105
-	UCK1_3_frame1	UCK1_3_frame1	-	-	-	UCK1_5_frame1	UCK1_5_frame1	-	-	6PWZ_AU:B:H	55.9884
-	UCK1_3_frame1	UCK1_3_frame1	-	-	-	UCK1	UCK1	-	-	6PWZ_AU:H:B	58.5987
-	GAD1_1_frame1	GAD1_1_frame1	-	-	-	GAD1_1_frame1	GAD1_1_frame1	-	-	Q05329_S0__Q99259_S0__AFMM2:B:A	298.215
-	CRX	CRX	-	-	-	CRX	CRX	-	-	9B8U_AU:C:B	48.7524
-	CRX	CRX	-	-	-	MEOX1	MEOX1	-	-	P14653_S0__P49639_S0__AFMM1:A:B	11.6272
-	CRX	CRX	-	-	-	MEOX2	MEOX2	-	-	P14653_S0__P49639_S0__AFMM1:A:B	11.6272
-	CRX	CRX	-	-	-	RHOXF2	RHOXF2	-	-	9B8U_AU:C:B	22.6747
-	CRX	CRX	-	-	-	DLX3	DLX3	-	-	P14653_S0__P49639_S0__AFMM1:A:B	11.6272
-	WWP2	WWP2	-	-	-	STK25_2_frame2	STK25_2_frame2	-	-	Q13188_S0__Q9H4B6_S0__AFMM3:B:A	62.1958
-	WWP2	WWP2	-	-	-	STK25_1_frame1	STK25_1_frame1	-	-	Q13188_S0__Q9H4B6_S0__AFMM3:B:A	94.0023
-	WWP2	WWP2	-	-	-	STK25_3_frame1	STK25_3_frame1	-	-	Q13188_S0__Q9H4B6_S0__AFMM3:B:A	43.3282
-	KRT40	KRT40	-	-	-	NEFL_2_frame1	NEFL_2_frame1	-	-	P07197_S0__P08670_S0__AFMM5:B:A	270.699
-	KRT40	KRT40	-	-	-	KRT19	KRT19	-	-	Q7Z3Y8_S0__Q9NSB2_S0__AFMM5:A:B	233.676
-	KRT40	KRT40	-	-	-	KRT18	KRT18	-	-	Q7Z3Y8_S0__Q8N1N4_S0__AFMM5:B:A	242.053
-	KRT40	KRT40	-	-	-	KRT15	KRT15	-	-	Q7Z3Y8_S0__Q9NSB2_S0__AFMM5:A:B	223.963
-	KRT40	KRT40	-	-	-	KRT33B	KRT33B	-	-	Q8N1N4_S0__Q92764_S0__AFMM2:A:B	269.957
-	RIN1_2_frame1	RIN1_2_frame1	-	-	-	NCK1_3_frame1	NCK1_3_frame1	-	-	O15524_S0__O75159_S0__AF:A:B	0.0
-	RIN1_2_frame1	RIN1_2_frame1	-	-	-	NCK2_1_frame1	NCK2_1_frame1	-	-	O14508_S0__O15524_S0__AF:B:A	0.0
-	SERPING1_1_frame1	SERPING1_1_frame1	-	-	-	SERPING1_1_frame1	SERPING1_1_frame1	-	-	5DUQ:B:A	35.4815
-	SERPING1_1_frame1	SERPING1_1_frame1	-	-	-	SERPING1_4_frame1	SERPING1_4_frame1	-	-	5DU3_AU:A:B	34.2776
-	SERPING1_1_frame1	SERPING1_1_frame1	-	-	-	CXCR3_1_frame1	CXCR3_1_frame1	-	-	P05155_S0__P32246_S0__AFMM5:A:B	16.4996
-	CRK_2_frame1	CRK_2_frame1	-	-	-	NCK2_1_frame1	NCK2_1_frame1	-	-	2K79:B:A	46.4572
-	CRK_2_frame1	CRK_2_frame1	-	-	-	NCK1_3_frame1	NCK1_3_frame1	-	-	4NWF_AU:A:B	35.0688
-	CRK_2_frame1	CRK_2_frame1	-	-	-	LCK_3_frame1	LCK_3_frame1	-	-	P09619_S2__P15498_S2__AFMM1:B:A	38.7826
-	CRK_2_frame1	CRK_2_frame1	-	-	-	PTK2	PTK2	-	-	P09619_S2__P15498_S2__AFMM1:B:A	29.2341
-	CRK_2_frame1	CRK_2_frame1	-	-	-	LCK_2_frame1	LCK_2_frame1	-	-	P46109_S0__Q07912_S0__AFMM2:A:B	23.6523
-	MYD88	MYD88	-	-	-	LCK_1_frame1	LCK_1_frame1	-	-	Q99836_S0__Q9NWZ3_S0__AFMM2:A:B	53.5849
-	MYD88	MYD88	-	-	-	LCK_3_frame1	LCK_3_frame1	-	-	Q99836_S0__Q9NWZ3_S0__AFMM2:A:B	53.7143
-	MYD88	MYD88	-	-	-	CDK20_1_frame1	CDK20_1_frame1	-	-	Q99836_S0__Q9NWZ3_S0__AFMM2:A:B	33.6448
-	MYD88	MYD88	-	-	-	CAMK2D	CAMK2D	-	-	Q99836_S0__Q9NWZ3_S0__AFMM2:A:B	55.1237
-	MYD88	MYD88	-	-	-	IRAK4_2_frame1	IRAK4_2_frame1	-	-	Q99836_S0__Q9NWZ3_S0__AFMM2:A:B	19.0149
-	ZYX	ZYX	-	-	-	CDK5_1_frame1	CDK5_1_frame1	-	-	Q15942_S0__Q9H2X6_S1__AF:A:B	19.2348
-	ZYX	ZYX	-	-	-	CDK5_2_frame1	CDK5_2_frame1	-	-	Q15942_S0__Q9H2X6_S1__AF:A:B	19.2348
-	ZYX	ZYX	-	-	-	CDX4	CDX4	-	-	Q00444_S0__Q969G2_S0__AF:B:A	0.4162
-	ZYX	ZYX	-	-	-	MEOX1	MEOX1	-	-	Q00444_S0__Q969G2_S0__AF:B:A	0.4162
-	ZYX	ZYX	-	-	-	DLX3	DLX3	-	-	Q00444_S0__Q969G2_S0__AF:B:A	0.4162
-	UCK1_1_frame1	UCK1_1_frame1	-	-	-	UCK1_3_frame1	UCK1_3_frame1	-	-	6N55:A:H	51.3105
-	UCK1_1_frame1	UCK1_1_frame1	-	-	-	UCK1_1_frame1	UCK1_1_frame1	-	-	6N55:C:A	51.4284
-	UCK1_1_frame1	UCK1_1_frame1	-	-	-	UCK1_5_frame1	UCK1_5_frame1	-	-	6N55:A:H	51.3105
-	UCK1_1_frame1	UCK1_1_frame1	-	-	-	UCK1	UCK1	-	-	6N55:A:H	51.3105
-	ZBTB7B	ZBTB7B	-	-	-	ZNF688_1_frame1	ZNF688_1_frame1	-	-	O14978_S0__P59923_S0__AFMM2:A:B	144.272
-	ZBTB7B	ZBTB7B	-	-	-	ZNF688_4_frame1	ZNF688_4_frame1	-	-	O14978_S0__P59923_S0__AFMM2:A:B	140.401
-	ZBTB7B	ZBTB7B	-	-	-	KLHL6	KLHL6	-	-	Q6TFL4_S0__Q8NCN2_S0__AF1:B:A	82.1754
-	ZBTB7B	ZBTB7B	-	-	-	FHL5	FHL5	-	-	Q7Z7K2_S0__Q9UII5_S0__AF:A:B	9.0224
-	ZBTB7B	ZBTB7B	-	-	-	ZKSCAN4_3_frame1	ZKSCAN4_3_frame1	-	-	O14978_S0__Q15776_S0__AFMM3:B:A	75.1479
-	TFDP2	TFDP2	-	-	-	E2F6_3_frame3	E2F6_3_frame3	-	-	Q01094_S0__Q14186_S0__AFMM1:B:A	252.565
-	TFDP2	TFDP2	-	-	-	E2F6_1_frame1	E2F6_1_frame1	-	-	Q01094_S0__Q14186_S0__AFMM1:B:A	255.026
-	TFDP2	TFDP2	-	-	-	TFDP2	TFDP2	-	-	Q14186_S0__Q14188_S0__AFMM3:B:A	116.187
-	TFDP2	TFDP2	-	-	-	TFDP1	TFDP1	-	-	Q14186_S0__Q14188_S0__AFMM3:A:B	116.99
-	TRIM2	TRIM2	-	-	-	TRIM2	TRIM2	-	-	5DIN:A:B	44.776
-	TRIM2	TRIM2	-	-	-	MID2	MID2	-	-	8AMS:D:C	29.1833
-	TRIM2	TRIM2	-	-	-	TRIM23	TRIM23	-	-	8AMS:D:C	34.2581
-	TRIM2	TRIM2	-	-	-	TRAF4	TRAF4	-	-	5DIN:A:B	42.4825
-	KLC3	KLC3	-	-	-	KLC3	KLC3	-	-	Q6P597_S0__Q9H0B6_S0__AFMM1:A:B	148.049
-	KLC3	KLC3	-	-	-	SGTA	SGTA	-	-	3KD7_AU:B:A	4.6184
-	KLC3	KLC3	-	-	-	RTN3	RTN3	-	-	Q16799_S0__Q6P597_S0__AFMM5:B:A	25.5634
-	KLC3	KLC3	-	-	-	KIFC3	KIFC3	-	-	O60282_S1__Q6P597_S0__AFMM5:B:A	46.1783
-	KLC3	KLC3	-	-	-	KIF9	KIF9	-	-	O60282_S1__Q6P597_S0__AFMM5:B:A	50.6304
-	RPGRIP1	RPGRIP1	-	-	-	CDK5_1_frame1	CDK5_1_frame1	-	-	Q68CZ1_S1__Q8NG66_S0__AFMM1:A:B	8.4138
-	RPGRIP1	RPGRIP1	-	-	-	TP53	TP53	-	-	P04637_S0__Q68CZ1_S2__AFMM2:B:A	16.074
-	KIFAP3	KIFAP3	-	-	-	KIFC3	KIFC3	-	-	O15066_S0__Q92845_S0__AFMM5:B:A	175.74
-	KIFAP3	KIFAP3	-	-	-	PSTPIP1	PSTPIP1	-	-	Q02779_S0__Q92845_S0__AF:B:A	1.3223
-	KIFAP3	KIFAP3	-	-	-	LCK_2_frame1	LCK_2_frame1	-	-	Q02779_S0__Q92845_S0__AF:B:A	1.3223
-	KIFAP3	KIFAP3	-	-	-	IRAK4_1_frame1	IRAK4_1_frame1	-	-	Q02779_S0__Q92845_S0__AF:B:A	1.3223
-	KIFAP3	KIFAP3	-	-	-	LCK_1_frame1	LCK_1_frame1	-	-	Q02779_S0__Q92845_S0__AF:B:A	1.3223
-	CAPN3_7_frame1	CAPN3_7_frame1	-	-	-	CAPN3_7_frame1	CAPN3_7_frame1	-	-	4OKH:B:A	131.542
-	CAPN3_7_frame1	CAPN3_7_frame1	-	-	-	CAPN3_2_frame2	CAPN3_2_frame2	-	-	P04632_S0__Q96L46_S0__AFMM1:B:A	93.022
-	CAPN3_7_frame1	CAPN3_7_frame1	-	-	-	CAPN3_1_frame1	CAPN3_1_frame1	-	-	P04632_S0__Q96L46_S0__AFMM1:B:A	97.251
-	CAPN3_7_frame1	CAPN3_7_frame1	-	-	-	STK25_2_frame2	STK25_2_frame2	-	-	P07384_S0__Q13177_S0__AF3:A:B	4.7923
-	CAPN3_7_frame1	CAPN3_7_frame1	-	-	-	STK25_1_frame1	STK25_1_frame1	-	-	P07384_S0__Q13177_S0__AF3:A:B	4.7923
-	RNF40_2_frame1	RNF40_2_frame1	-	-	-	WAC	WAC	-	-	Q5VTR2_S1__Q9BTA9_S0__AFMM2:A:B	86.5899
-	RNF40_2_frame1	RNF40_2_frame1	-	-	-	RNF40_2_frame1	RNF40_2_frame1	-	-	O75150_S1__Q5VTR2_S1__AFMM5:A:B	384.914
-	RNF40_2_frame1	RNF40_2_frame1	-	-	-	RNF40_1_frame1	RNF40_1_frame1	-	-	O75150_S1__Q5VTR2_S1__AFMM5:A:B	384.914
-	MKRN3	MKRN3	-	-	-	RARA_ORF1	RARA_ORF1	-	-	O75469_S0__Q9H000_S0__AFMM5:B:A	20.7261
-	MKRN3	MKRN3	-	-	-	RARA_ORF2	RARA_ORF2	-	-	O75469_S0__Q9H000_S0__AFMM5:B:A	20.7261
-	MKRN3	MKRN3	-	-	-	RXRB_3_frame1	RXRB_3_frame1	-	-	O75469_S0__Q9H000_S0__AFMM5:B:A	20.7261
-	MKRN3	MKRN3	-	-	-	NR1D1	NR1D1	-	-	O75469_S0__Q9H000_S0__AFMM5:B:A	20.7261
-	MKRN3	MKRN3	-	-	-	RARB	RARB	-	-	O75469_S0__Q9H000_S0__AFMM5:B:A	20.7261
-	BLZF1	BLZF1	-	-	-	THAP1	THAP1	-	-	Q9H2G9_S0__Q9NVV9_S0__AFMM4:A:B	25.4482
-	BMF	BMF	-	-	-	BCL2L1_2_frame1	BCL2L1_2_frame1	-	-	Q07817_S0__Q96LC9_S0__AFMM1:B:A	59.0624
-	BMF	BMF	-	-	-	BCL2L1_3_frame1	BCL2L1_3_frame1	-	-	Q07817_S0__Q96LC9_S0__AFMM1:B:A	48.2699
-	BMF	BMF	-	-	-	BCL2L1_1_frame1	BCL2L1_1_frame1	-	-	Q07817_S0__Q96LC9_S0__AFMM1:B:A	59.0624
-	VPS33B_1_frame1	VPS33B_1_frame1	-	-	-	VIPAR	VIPAR	-	-	Q9H267_S0__Q9H9C1_S0__AF4:A:B	67.0181
-	VPS33B_1_frame1	VPS33B_1_frame1	-	-	-	VPS33B_1_frame1	VPS33B_1_frame1	-	-	4BX8_AU:A:B	47.0402
-	VPS33B_1_frame1	VPS33B_1_frame1	-	-	-	PPFIBP2	PPFIBP2	-	-	Q86W92_S2__Q9H267_S0__AFMM5:B:A	52.9826
-	SLC30A2	SLC30A2	-	-	-	SLC30A2	SLC30A2	-	-	Q8IWU4_S0__Q99726_S0__AFMM5:B:A	118.788
-	SLC30A2	SLC30A2	-	-	-	BTC_1_frame1	BTC_1_frame1	-	-	Q8IYR6_S0__Q9BRI3_S0__AF:B:A	2.2308
-	PTPRN	PTPRN	-	-	-	STK25_1_frame1	STK25_1_frame1	-	-	P28482_S0__P35236_S0__AFMM1:B:A	34.7164
-	PTPRN	PTPRN	-	-	-	CDK5_1_frame1	CDK5_1_frame1	-	-	P28482_S0__P35236_S0__AFMM1:B:A	33.0011
-	PTPRN	PTPRN	-	-	-	MAPK7	MAPK7	-	-	P28482_S0__P35236_S0__AFMM1:B:A	32.4197
-	PTPRN	PTPRN	-	-	-	CDK20_1_frame1	CDK20_1_frame1	-	-	P27361_S0__P35236_S0__AFMM1:B:A	25.4907
-	PTPRN	PTPRN	-	-	-	CAMK2D	CAMK2D	-	-	P28482_S0__P35236_S0__AFMM1:B:A	33.5857
-	KIFC3	KIFC3	-	-	-	KIFC3	KIFC3	-	-	O15066_S0__Q9Y496_S0__AFMM1:B:A	199.055
-	KIFC3	KIFC3	-	-	-	KIF9	KIF9	-	-	O14782_S0__O15066_S0__AFMM1:B:A	135.295
-	KIFC3	KIFC3	-	-	-	PPP1R12B_1_frame1	PPP1R12B_1_frame1	-	-	9YMG_AU:F:C	0.0
-	KIFC3	KIFC3	-	-	-	EHMT2	EHMT2	-	-	9YMG_AU:F:C	0.0
-	KIFC3	KIFC3	-	-	-	KIFAP3	KIFAP3	-	-	O15066_S0__Q92845_S0__AFMM5:A:B	175.753
-	IKZF3	IKZF3	-	-	-	ZNF688_4_frame1	ZNF688_4_frame1	-	-	Q969J2_S0__Q9BRR0_S0__AFMM3:B:A	108.184
-	IKZF3	IKZF3	-	-	-	ZBTB1	ZBTB1	-	-	P41182_S0__Q13105_S0__AFMM3:A:B	144.502
-	IKZF3	IKZF3	-	-	-	SLC25A10_2_frame1	SLC25A10_2_frame1	-	-	P05141_S0__Q13422_S0__AF:B:A	38.8426
-	IKZF3	IKZF3	-	-	-	SLC25A10_1_frame1	SLC25A10_1_frame1	-	-	P05141_S0__Q13422_S0__AF:B:A	38.8426
-	IKZF3	IKZF3	-	-	-	SLC25A10_3_frame1	SLC25A10_3_frame1	-	-	P05141_S0__Q13422_S0__AF:B:A	36.9887
-	AKT1_1_frame1	AKT1_1_frame1	-	-	-	PLK4	PLK4	-	-	2JAM_AU:A:B	161.161
-	AKT1_1_frame1	AKT1_1_frame1	-	-	-	CDK5_2_frame1	CDK5_2_frame1	-	-	P27361_S0__Q9BUB5_S0__AFMM2:B:A	49.4275
-	AKT1_1_frame1	AKT1_1_frame1	-	-	-	PRKAR2B	PRKAR2B	-	-	6BYR:A:B	96.9286
-	AKT1_1_frame1	AKT1_1_frame1	-	-	-	CDK20_1_frame1	CDK20_1_frame1	-	-	O75582_S0__P27361_S0__AFMM3:A:B	59.0891
-	AKT1_1_frame1	AKT1_1_frame1	-	-	-	MAPK7	MAPK7	-	-	6QAV:B:A	139.323
-	PTK2	PTK2	-	-	-	KCNIP4	KCNIP4	-	-	P80192_S0__P84074_S0__AFMM3:A:B	52.1993
-	PTK2	PTK2	-	-	-	WWP2	WWP2	-	-	P46934_S0__Q15303_S2__AFMM1:B:A	42.1145
-	PTK2	PTK2	-	-	-	LAMB3_1_frame1	LAMB3_1_frame1	-	-	P46531_S2__Q15375_S2__AFMM5:B:A	16.6111
-	PTK2	PTK2	-	-	-	JMJD5_3_frame1	JMJD5_3_frame1	-	-	P04626_S2__Q9H9V9_S0__AF2:A:B	17.2059
-	PTK2	PTK2	-	-	-	AP3B1_2_frame1	AP3B1_2_frame1	-	-	P04626_S2__Q13367_S1__AFMM1:A:B	49.2756
-	LCK_2_frame1	LCK_2_frame1	-	-	-	EFS	EFS	-	-	8DGO:B:A	115.164
-	LCK_2_frame1	LCK_2_frame1	-	-	-	ARHGAP26_1_frame1	ARHGAP26_1_frame1	-	-	8DGO:A:B	61.1772
-	LCK_2_frame1	LCK_2_frame1	-	-	-	ABI2	ABI2	-	-	8DGO:A:B	61.1772
-	LCK_2_frame1	LCK_2_frame1	-	-	-	NCF2_3_frame1	NCF2_3_frame1	-	-	Q7Z6J0_S0__Q8TEC5_S0__AFMM1:B:A	34.927
-	LCK_2_frame1	LCK_2_frame1	-	-	-	PRMT2_1_frame1	PRMT2_1_frame1	-	-	9GHK:A:B	12.3933
-	ACTN4_4_frame3	ACTN4_4_frame3	-	-	-	PPP3R1	PPP3R1	-	-	6U39_AU:O:M	54.1253
-	ACTN4_4_frame3	ACTN4_4_frame3	-	-	-	LCK_2_frame1	LCK_2_frame1	-	-	O43707_S2__P00533_S2__AFMM1:A:B	17.5156
-	ACTN4_4_frame3	ACTN4_4_frame3	-	-	-	LCK_1_frame1	LCK_1_frame1	-	-	O43707_S2__P00533_S2__AFMM1:A:B	17.5156
-	ACTN4_4_frame3	ACTN4_4_frame3	-	-	-	LCK_3_frame1	LCK_3_frame1	-	-	O43707_S2__P00533_S2__AFMM1:A:B	17.3088
-	ACTN4_4_frame3	ACTN4_4_frame3	-	-	-	LDB3_2_frame1	LDB3_2_frame1	-	-	O00151_S0__P12814_S2__AFMM1:B:A	46.3525
-	ABCF3_1_frame1	ABCF3_1_frame1	-	-	-	ABCF3_1_frame1	ABCF3_1_frame1	-	-	3FVQ:B:A	186.121
-	ABCF3_1_frame1	ABCF3_1_frame1	-	-	-	ABCF3_2_frame1	ABCF3_2_frame1	-	-	5ZXD_AU:B:A	26.3038
-	MXI1_1_frame1	MXI1_1_frame1	-	-	-	MXI1_1_frame1	MXI1_1_frame1	-	-	P50539_S0__Q9BW11_S0__AFMM2:A:B	70.4056
-	MXI1_1_frame1	MXI1_1_frame1	-	-	-	BHLHE40	BHLHE40	-	-	Q05195_S0__Q9NQ87_S0__AFMM5:A:B	31.267
-	MXI1_1_frame1	MXI1_1_frame1	-	-	-	AKT1_1_frame1	AKT1_1_frame1	-	-	P23443_S0__P50539_S0__AFMM1:B:A	58.1289
-	MXI1_1_frame1	MXI1_1_frame1	-	-	-	CDK5_2_frame1	CDK5_2_frame1	-	-	P23443_S0__P50539_S0__AFMM1:B:A	73.3585
-	MXI1_1_frame1	MXI1_1_frame1	-	-	-	TCF12	TCF12	-	-	P15884_S0__Q05195_S0__AFMM3:B:A	25.5942
-	FOXM1_ORF1	FOXM1_ORF1	-	-	-	RXRB_2_frame1	RXRB_2_frame1	-	-	P03372_S0__Q12778_S0__AFMM5:B:A	34.7144
-	FOXM1_ORF1	FOXM1_ORF1	-	-	-	RXRB_4_frame2	RXRB_4_frame2	-	-	P03372_S0__Q12778_S0__AFMM5:B:A	38.1864
-	FOXM1_ORF1	FOXM1_ORF1	-	-	-	EHMT2	EHMT2	-	-	O75593_S0__Q96KQ7_S1__AF1:A:B	3.6519
-	TCF12	TCF12	-	-	-	TCF12	TCF12	-	-	6OD3_AU:H:F	8.7485
-	TCF12	TCF12	-	-	-	MXI1_1_frame1	MXI1_1_frame1	-	-	P15884_S0__Q05195_S0__AFMM3:A:B	25.5942
-	TCF12	TCF12	-	-	-	BHLHE40	BHLHE40	-	-	P15923_S0__Q9HCC6_S0__AFMM1:A:B	19.0441
-	UPP2_3_frame1	UPP2_3_frame1	-	-	-	UPP2_3_frame1	UPP2_3_frame1	-	-	4TXM:B:A	181.457
-	UPP2_3_frame1	UPP2_3_frame1	-	-	-	UPP2_2_frame1	UPP2_2_frame1	-	-	4R31:A:D	116.734
-	UPP2_3_frame1	UPP2_3_frame1	-	-	-	UPP2	UPP2	-	-	4R31:A:D	116.734
-	UPP2_3_frame1	UPP2_3_frame1	-	-	-	UPP2_1_frame1	UPP2_1_frame1	-	-	4R31:A:D	116.734
-	UPP2_3_frame1	UPP2_3_frame1	-	-	-	UPP2_4_frame1	UPP2_4_frame1	-	-	2XRF_AU:B:C	36.279
-	MVK_1_frame1	MVK_1_frame1	-	-	-	MVK_1_frame1	MVK_1_frame1	-	-	4HAC:B:A	68.2897
-	MVK_1_frame1	MVK_1_frame1	-	-	-	MVK_2_frame1	MVK_2_frame1	-	-	4HAC:B:A	73.1428
-	MVK_1_frame1	MVK_1_frame1	-	-	-	MVK	MVK	-	-	4HAC:B:A	68.2897
-	EFS	EFS	-	-	-	ARHGAP26_2_frame1	ARHGAP26_2_frame1	-	-	A1A4S6_S0__Q9UNA1_S0__AFMM4:A:B	262.064
-	SDCCAG3	SDCCAG3	-	-	-	HOOK2	HOOK2	-	-	Q96C92_S0__Q9UJC3_S0__AFMM3:A:B	20.3758
-	MID2	MID2	-	-	-	TRIM27_ORF1	TRIM27_ORF1	-	-	5OLM:A:B	119.344
-	MID2	MID2	-	-	-	MID2	MID2	-	-	O15344_S0__Q9UJV3_S0__AFMM3:B:A	241.652
-	MID2	MID2	-	-	-	TRIM17	TRIM17	-	-	5OLM:A:B	119.344
-	MID2	MID2	-	-	-	TRIM27_ORF2	TRIM27_ORF2	-	-	5OLM:A:B	119.344
-	MID2	MID2	-	-	-	TRIM2	TRIM2	-	-	8AMS:D:C	39.3344
-	FHL3	FHL3	-	-	-	AKT1_1_frame1	AKT1_1_frame1	-	-	O15530_S0__O43900_S0__AF:B:A	23.0528
-	FHL3	FHL3	-	-	-	CDX4	CDX4	-	-	Q00444_S0__Q969G2_S0__AF:B:A	0.4162
-	FHL3	FHL3	-	-	-	MEOX1	MEOX1	-	-	Q00444_S0__Q969G2_S0__AF:B:A	0.4162
-	FHL3	FHL3	-	-	-	DLX3	DLX3	-	-	Q00444_S0__Q969G2_S0__AF:B:A	0.4162
-	FHL3	FHL3	-	-	-	MEOX2	MEOX2	-	-	Q00444_S0__Q969G2_S0__AF:B:A	0.4162
-	UPP2_4_frame1	UPP2_4_frame1	-	-	-	UPP2_3_frame1	UPP2_3_frame1	-	-	2XRF_AU:C:B	32.0284
-	UPP2_4_frame1	UPP2_4_frame1	-	-	-	UPP2_2_frame1	UPP2_2_frame1	-	-	2XRF_AU:C:B	32.0465
-	UPP2_4_frame1	UPP2_4_frame1	-	-	-	UPP2	UPP2	-	-	2XRF_AU:C:B	32.0465
-	UPP2_4_frame1	UPP2_4_frame1	-	-	-	UPP2_1_frame1	UPP2_1_frame1	-	-	2XRF_AU:C:B	32.0465
-	PRTFDC1	PRTFDC1	-	-	-	PRTFDC1	PRTFDC1	-	-	1QK3:A:B	99.6073
-	PRTFDC1	PRTFDC1	-	-	-	LCK_1_frame1	LCK_1_frame1	-	-	P00492_S0__P21860_S2__AFMM5:A:B	15.8153
-	PRTFDC1	PRTFDC1	-	-	-	STK25_3_frame1	STK25_3_frame1	-	-	P00492_S0__P21860_S2__AFMM5:A:B	15.763
-	EFHA1_1_frame1	EFHA1_1_frame1	-	-	-	EFHA1_1_frame1	EFHA1_1_frame1	-	-	6AGI:A:B	54.5514
-	S100B_2_frame1	S100B_2_frame1	-	-	-	S100B	S100B	-	-	5CSN:A:B	72.6657
-	MAGEA6	MAGEA6	-	-	-	MAGEA6	MAGEA6	-	-	6WJH_AU:C:A	29.1534
-	MAGEA6	MAGEA6	-	-	-	MAGEA11	MAGEA11	-	-	6WJH_AU:A:C	10.0745
-	MAGEA6	MAGEA6	-	-	-	MAGEA12	MAGEA12	-	-	6WJH_AU:C:A	29.1534
-	MAGEA6	MAGEA6	-	-	-	MAGED1	MAGED1	-	-	6WJH_AU:A:C	10.0745
-	MAGEA6	MAGEA6	-	-	-	NDN_5_frame1	NDN_5_frame1	-	-	6WJH_AU:D:B	26.764
-	GNMT_3_frame1	GNMT_3_frame1	-	-	-	GNMT_3_frame1	GNMT_3_frame1	-	-	3THS:B:A	129.198
-	GNMT_3_frame1	GNMT_3_frame1	-	-	-	GNMT_1_frame1	GNMT_1_frame1	-	-	3THS:B:A	126.166
-	GNMT_3_frame1	GNMT_3_frame1	-	-	-	GNMT	GNMT	-	-	3THS:B:A	126.166
-	GNMT_3_frame1	GNMT_3_frame1	-	-	-	GNMT_4_frame1	GNMT_4_frame1	-	-	3THS:B:A	101.617
-	GOLGA2_ORF2	GOLGA2_ORF2	-	-	-	DES	DES	-	-	O95678_S0__Q08379_S0__AFMM3:B:A	159.653
-	GOLGA2_ORF2	GOLGA2_ORF2	-	-	-	KRT6A_1_frame1	KRT6A_1_frame1	-	-	O95678_S0__Q08379_S0__AFMM3:B:A	159.653
-	HSPA8	HSPA8	-	-	-	BAG1_1_frame1	BAG1_1_frame1	-	-	5AQS_AU:A:B	25.132
-	HSPA8	HSPA8	-	-	-	HSPA8	HSPA8	-	-	7KO2_AU:B:D	101.367
-	HSPA8	HSPA8	-	-	-	DYX1C1_2_frame1	DYX1C1_2_frame1	-	-	7KW7:C:E	69.1897
-	HSPA8	HSPA8	-	-	-	STUB1	STUB1	-	-	4KBQ:C:A	28.2182
-	HSPA8	HSPA8	-	-	-	MDM4	MDM4	-	-	P34932_S0__Q00987_S0__AF:A:B	6.9425
-	SRSF10_1_frame1	SRSF10_1_frame1	-	-	-	AKT1_1_frame1	AKT1_1_frame1	-	-	Q13595_S0__Q16513_S2__AF4:A:B	41.5008
-	SRSF10_1_frame1	SRSF10_1_frame1	-	-	-	TP53BP2	TP53BP2	-	-	O43251_S0__Q9BZL4_S0__AFMM2:A:B	10.3429
-	SRSF10_1_frame1	SRSF10_1_frame1	-	-	-	ANKRD50_2_frame1	ANKRD50_2_frame1	-	-	O43251_S0__Q9BZL4_S0__AFMM2:A:B	7.649
-	SRSF10_1_frame1	SRSF10_1_frame1	-	-	-	PPP1R12B_2_frame1	PPP1R12B_2_frame1	-	-	O43251_S0__Q9BZL4_S0__AFMM2:A:B	6.0872
-	SRSF10_1_frame1	SRSF10_1_frame1	-	-	-	PPP1R12B_1_frame1	PPP1R12B_1_frame1	-	-	O43251_S0__Q9BZL4_S0__AFMM2:A:B	24.0153
-	UPP2_2_frame1	UPP2_2_frame1	-	-	-	UPP2_4_frame1	UPP2_4_frame1	-	-	2XRF_AU:B:C	39.4356
-	UPP2_2_frame1	UPP2_2_frame1	-	-	-	UPP2_3_frame1	UPP2_3_frame1	-	-	2XRF_AU:B:C	177.753
-	UPP2_2_frame1	UPP2_2_frame1	-	-	-	UPP2_2_frame1	UPP2_2_frame1	-	-	2XRF_AU:C:B	171.168
-	UPP2_2_frame1	UPP2_2_frame1	-	-	-	UPP2	UPP2	-	-	2XRF_AU:C:B	171.168
-	UPP2_2_frame1	UPP2_2_frame1	-	-	-	UPP2_1_frame1	UPP2_1_frame1	-	-	2XRF_AU:C:B	171.168
-	IRAK4_1_frame1	IRAK4_1_frame1	-	-	-	MAPK7	MAPK7	-	-	3DAK:D:A	88.7938
-	IRAK4_1_frame1	IRAK4_1_frame1	-	-	-	PPFIBP2	PPFIBP2	-	-	3TAC:A:B	41.9138
-	IRAK4_1_frame1	IRAK4_1_frame1	-	-	-	PPP3R1	PPP3R1	-	-	2WEL:A:D	72.0277
-	IRAK4_1_frame1	IRAK4_1_frame1	-	-	-	ACTN4_1_frame1	ACTN4_1_frame1	-	-	7B55:B:A	20.3513
-	IRAK4_1_frame1	IRAK4_1_frame1	-	-	-	ACTN4_4_frame3	ACTN4_4_frame3	-	-	7B55:B:A	20.3513
-	CDK20_4_frame1	CDK20_4_frame1	-	-	-	CCND2	CCND2	-	-	7SJ3:A:B	110.663
-	CDK20_4_frame1	CDK20_4_frame1	-	-	-	ANKRD50_1_frame1	ANKRD50_1_frame1	-	-	P11802_S0__P42772_S0__AFMM3:A:B	57.5982
-	CDK20_4_frame1	CDK20_4_frame1	-	-	-	LCK_3_frame1	LCK_3_frame1	-	-	P04626_S2__Q15303_S2__AFMM3:A:B	63.2911
-	CDK20_4_frame1	CDK20_4_frame1	-	-	-	EHMT2	EHMT2	-	-	6F5E:B:A	38.498
-	CDK20_4_frame1	CDK20_4_frame1	-	-	-	TP53BP2	TP53BP2	-	-	5LW1:B:A	25.4958
-	CCND2	CCND2	-	-	-	CDK20_1_frame1	CDK20_1_frame1	-	-	7SJ3:B:A	95.2957
-	CCND2	CCND2	-	-	-	CAMK2D	CAMK2D	-	-	7SJ3:B:A	97.8796
-	CCND2	CCND2	-	-	-	CDK5_2_frame1	CDK5_2_frame1	-	-	7SJ3:B:A	94.6293
-	CCND2	CCND2	-	-	-	AKT1_1_frame1	AKT1_1_frame1	-	-	6P8G:A:B	45.6704
-	CCND2	CCND2	-	-	-	LCK_1_frame1	LCK_1_frame1	-	-	6P8F:A:B	35.2013
-	PUF60_ORF2	PUF60_ORF2	-	-	-	PUF60_ORF2	PUF60_ORF2	-	-	7Q8A_AU:B:A	25.8793
-	PUF60_ORF2	PUF60_ORF2	-	-	-	PUF60_ORF1	PUF60_ORF1	-	-	7Q8A_AU:B:A	25.8793
-	PUF60_ORF2	PUF60_ORF2	-	-	-	PUF60_ORF3	PUF60_ORF3	-	-	7Q8A_AU:A:B	31.5966
-	PUF60_ORF2	PUF60_ORF2	-	-	-	DDX39B	DDX39B	-	-	2J0S:D:A	7.4322
-	PUF60_ORF2	PUF60_ORF2	-	-	-	DDX39A	DDX39A	-	-	2J0S:D:A	7.4322
-	BCL2L1_2_frame1	BCL2L1_2_frame1	-	-	-	BCL2L1_2_frame1	BCL2L1_2_frame1	-	-	6UVC:B:A	104.804
-	BCL2L1_2_frame1	BCL2L1_2_frame1	-	-	-	BCL2L1_3_frame1	BCL2L1_3_frame1	-	-	6UVC:B:A	102.508
-	BCL2L1_2_frame1	BCL2L1_2_frame1	-	-	-	BCL2L1_1_frame1	BCL2L1_1_frame1	-	-	6UVC:B:A	104.804
-	BCL2L1_2_frame1	BCL2L1_2_frame1	-	-	-	TP53	TP53	-	-	2MEJ:A:B	56.2186
-	BCL2L1_2_frame1	BCL2L1_2_frame1	-	-	-	BAD	BAD	-	-	Q07817_S0__Q92934_S0__AF1:A:B	24.4306
-	ZCWPW1_6_frame1	ZCWPW1_6_frame1	-	-	-	ZCWPW1_6_frame1	ZCWPW1_6_frame1	-	-	5VC8:A:B	6.4597
-	ZCWPW1_6_frame1	ZCWPW1_6_frame1	-	-	-	ZCWPW1_2_frame1	ZCWPW1_2_frame1	-	-	7VLN_AU:C:B	5.1987
-	ZCWPW1_6_frame1	ZCWPW1_6_frame1	-	-	-	ZCWPW1_1_frame1	ZCWPW1_1_frame1	-	-	7VLN_AU:C:B	5.1987
-	ZCWPW1_6_frame1	ZCWPW1_6_frame1	-	-	-	ZCWPW1_4_frame1	ZCWPW1_4_frame1	-	-	7VLN_AU:C:B	5.1987
-	ZCWPW1_6_frame1	ZCWPW1_6_frame1	-	-	-	ZCWPW1_5_frame1	ZCWPW1_5_frame1	-	-	7VLN_AU:C:B	5.1987
-	ACY3	ACY3	-	-	-	ACY3	ACY3	-	-	4MRI:B:A	86.8874
-	CXCR3_1_frame1	CXCR3_1_frame1	-	-	-	CXCR3_1_frame1	CXCR3_1_frame1	-	-	3ZEV_AU:A:B	64.5003
-	CXCR3_1_frame1	CXCR3_1_frame1	-	-	-	CXCR3_2_frame1	CXCR3_2_frame1	-	-	3PBL_AU:A:B	51.3201
-	CXCR3_1_frame1	CXCR3_1_frame1	-	-	-	ARRB1	ARRB1	-	-	9E82:R:A	57.3545
-	CXCR3_1_frame1	CXCR3_1_frame1	-	-	-	TRIM23	TRIM23	-	-	7L0P:C:A	45.8037
-	CXCR3_1_frame1	CXCR3_1_frame1	-	-	-	SDC3_1_frame1	SDC3_1_frame1	-	-	P31431_S0__P61073_S0__AF:B:A	6.753
-	STUB1	STUB1	-	-	-	STK25_2_frame2	STK25_2_frame2	-	-	Q9UNE7_S0__Q9Y2U5_S0__AFMM1:A:B	33.8963
-	STUB1	STUB1	-	-	-	STK25_1_frame1	STK25_1_frame1	-	-	Q9UNE7_S0__Q9Y2U5_S0__AFMM1:A:B	34.6219
-	STUB1	STUB1	-	-	-	STK25_3_frame1	STK25_3_frame1	-	-	Q9UNE7_S0__Q9Y2U5_S0__AFMM1:A:B	31.8247
-	STUB1	STUB1	-	-	-	LCK_3_frame1	LCK_3_frame1	-	-	8GAE:E:D	0.1386
-	SMUG1_1_frame1	SMUG1_1_frame1	-	-	-	SMUG1_2_frame1	SMUG1_2_frame1	-	-	5H93_AU:D:A	38.5146
-	SMUG1_1_frame1	SMUG1_1_frame1	-	-	-	SMUG1_1_frame1	SMUG1_1_frame1	-	-	5H93_AU:D:A	38.5146
-	POGZ	POGZ	-	-	-	IKZF3	IKZF3	-	-	Q2QGD7_S0__Q7Z3K3_S2__AFMM3:B:A	61.1054
-	POGZ	POGZ	-	-	-	ZBTB7B	ZBTB7B	-	-	Q2QGD7_S0__Q7Z3K3_S2__AFMM3:B:A	53.2904
-	POGZ	POGZ	-	-	-	ZNF471	ZNF471	-	-	Q2QGD7_S0__Q7Z3K3_S2__AFMM3:B:A	52.1924
-	POGZ	POGZ	-	-	-	ZNF688_1_frame1	ZNF688_1_frame1	-	-	Q2QGD7_S0__Q7Z3K3_S1__AFMM3:B:A	28.0821
-	ARHGEF15_2_frame1	ARHGEF15_2_frame1	-	-	-	ARHGEF15_2_frame1	ARHGEF15_2_frame1	-	-	7CSR_AU:B:C	2.8233
-	ARHGEF15_2_frame1	ARHGEF15_2_frame1	-	-	-	ARHGEF15_1_frame1	ARHGEF15_1_frame1	-	-	7CSR_AU:B:C	2.8233
-	TP53	TP53	-	-	-	PPP1R12B_2_frame1	PPP1R12B_2_frame1	-	-	7Z71:A:B	78.9867
-	TP53	TP53	-	-	-	PPP1R12B_1_frame1	PPP1R12B_1_frame1	-	-	7Z7E:A:B	67.2917
-	TP53	TP53	-	-	-	PRMT2_2_frame1	PRMT2_2_frame1	-	-	6RZ3:A:B	5.8008
-	TP53	TP53	-	-	-	TP53	TP53	-	-	O15350_S0__Q9H3D4_S0__AFMM4:B:A	87.6828
-	TP53	TP53	-	-	-	ANKRD50_2_frame1	ANKRD50_2_frame1	-	-	7Z71:A:B	81.7235
-	RBM5_2_frame1	RBM5_2_frame1	-	-	-	CAMK2D	CAMK2D	-	-	P52756_S0__Q13523_S0__AFMM2:A:B	6.9596
-	RBM5_2_frame1	RBM5_2_frame1	-	-	-	STK25_3_frame1	STK25_3_frame1	-	-	P52756_S0__Q13523_S0__AFMM2:A:B	3.8272
-	RBM5_2_frame1	RBM5_2_frame1	-	-	-	CDK5_2_frame1	CDK5_2_frame1	-	-	P52756_S0__Q13523_S0__AFMM2:A:B	0.295
-	RBM5_2_frame1	RBM5_2_frame1	-	-	-	RBM39	RBM39	-	-	P52756_S0__Q14498_S0__AFMM4:A:B	19.5444
-	USHBP1	USHBP1	-	-	-	CDK20_3_frame1	CDK20_3_frame1	-	-	P00540_S0__Q8N6Y0_S0__AF:B:A	5.893
-	USHBP1	USHBP1	-	-	-	IRAK4_1_frame1	IRAK4_1_frame1	-	-	P00540_S0__Q8N6Y0_S0__AF:B:A	1.6835
-	USHBP1	USHBP1	-	-	-	CDK20_1_frame1	CDK20_1_frame1	-	-	P00540_S0__Q8N6Y0_S0__AF:B:A	5.893
-	PSTPIP2_3_frame1	PSTPIP2_3_frame1	-	-	-	PSTPIP1	PSTPIP1	-	-	7AAM:A:B	329.885
-	PSTPIP2_3_frame1	PSTPIP2_3_frame1	-	-	-	PSTPIP2_3_frame1	PSTPIP2_3_frame1	-	-	7AAN:B:A	302.056
-	PSTPIP2_3_frame1	PSTPIP2_3_frame1	-	-	-	PSTPIP2_1_frame1	PSTPIP2_1_frame1	-	-	7AAM:A:B	303.146
-	PSTPIP2_3_frame1	PSTPIP2_3_frame1	-	-	-	PTPRN	PTPRN	-	-	Q99952_S0__Q9H939_S0__AFMM1:B:A	19.2493
-	CLCN2_4_frame1	CLCN2_4_frame1	-	-	-	CLCN2_3_frame1	CLCN2_3_frame1	-	-	7XF5:B:A	21.9414
-	CLCN2_4_frame1	CLCN2_4_frame1	-	-	-	CLCN2_2_frame1	CLCN2_2_frame1	-	-	7XF5:B:A	21.9414
-	CLCN2_4_frame1	CLCN2_4_frame1	-	-	-	CLCN2_4_frame1	CLCN2_4_frame1	-	-	7XF5:A:B	21.9414
-	CLCN2_4_frame1	CLCN2_4_frame1	-	-	-	CLCN2_1_frame1	CLCN2_1_frame1	-	-	7XF5:B:A	22.6455
-	RFX6	RFX6	-	-	-	RFX6	RFX6	-	-	P22670_S0__P48380_S0__AFMM1:B:A	57.606
-	NEFL_2_frame1	NEFL_2_frame1	-	-	-	KRT19	KRT19	-	-	P07197_S0__P08670_S0__AFMM5:A:B	277.494
-	NEFL_2_frame1	NEFL_2_frame1	-	-	-	KRT18	KRT18	-	-	P07197_S0__P08670_S0__AFMM5:A:B	277.657
-	NEFL_2_frame1	NEFL_2_frame1	-	-	-	KRT15	KRT15	-	-	P07197_S0__P08670_S0__AFMM5:A:B	266.048
-	NEFL_2_frame1	NEFL_2_frame1	-	-	-	KRT33B	KRT33B	-	-	P08670_S0__Q04695_S0__AFMM5:A:B	274.545
-	NEFL_2_frame1	NEFL_2_frame1	-	-	-	KRT6A_1_frame1	KRT6A_1_frame1	-	-	O95678_S0__P08670_S0__AFMM5:B:A	226.084
-	BANP_3_frame1	BANP_3_frame1	-	-	-	BANP_7_frame1	BANP_7_frame1	-	-	8HTX_AU:A:B	6.9115
-	BANP_3_frame1	BANP_3_frame1	-	-	-	BANP_3_frame1	BANP_3_frame1	-	-	8HTX_AU:A:B	6.9115
-	BANP_3_frame1	BANP_3_frame1	-	-	-	BANP_5_frame1	BANP_5_frame1	-	-	8HTX_AU:A:B	6.9115
-	BANP_3_frame1	BANP_3_frame1	-	-	-	BANP_1_frame1	BANP_1_frame1	-	-	8HTX_AU:A:B	6.9115
-	BANP_3_frame1	BANP_3_frame1	-	-	-	BANP_4_frame1	BANP_4_frame1	-	-	8HTX_AU:A:B	6.9115
-	BANP_5_frame1	BANP_5_frame1	-	-	-	BANP_7_frame1	BANP_7_frame1	-	-	8HTX_AU:A:B	6.9115
-	BANP_5_frame1	BANP_5_frame1	-	-	-	BANP_3_frame1	BANP_3_frame1	-	-	8HTX_AU:A:B	6.9115
-	BANP_5_frame1	BANP_5_frame1	-	-	-	BANP_5_frame1	BANP_5_frame1	-	-	8HTX_AU:A:B	6.9115
-	BANP_5_frame1	BANP_5_frame1	-	-	-	BANP_1_frame1	BANP_1_frame1	-	-	8HTX_AU:A:B	6.9115
-	BANP_5_frame1	BANP_5_frame1	-	-	-	BANP_4_frame1	BANP_4_frame1	-	-	8HTX_AU:A:B	6.9115
-	STK25_1_frame1	STK25_1_frame1	-	-	-	STK25_2_frame2	STK25_2_frame2	-	-	7L26_AU:A:B	199.178
-	STK25_1_frame1	STK25_1_frame1	-	-	-	STK25_1_frame1	STK25_1_frame1	-	-	7SIU:B:A	174.546
-	STK25_1_frame1	STK25_1_frame1	-	-	-	STK25_3_frame1	STK25_3_frame1	-	-	7L26_AU:A:B	194.354
-	STK25_1_frame1	STK25_1_frame1	-	-	-	CDK20_3_frame1	CDK20_3_frame1	-	-	7L26_AU:A:B	194.609
-	STK25_1_frame1	STK25_1_frame1	-	-	-	CDK20_1_frame1	CDK20_1_frame1	-	-	7L26_AU:B:A	166.949
-	LCK_1_frame1	LCK_1_frame1	-	-	-	EFS	EFS	-	-	8DGO:B:A	115.164
-	LCK_1_frame1	LCK_1_frame1	-	-	-	ARHGAP26_1_frame1	ARHGAP26_1_frame1	-	-	8DGO:A:B	61.1772
-	LCK_1_frame1	LCK_1_frame1	-	-	-	ABI2	ABI2	-	-	P46109_S0__Q07912_S0__AFMM2:B:A	42.4619
-	LCK_1_frame1	LCK_1_frame1	-	-	-	NCF2_3_frame1	NCF2_3_frame1	-	-	Q7Z6J0_S0__Q8TEC5_S0__AFMM1:B:A	34.927
-	LCK_1_frame1	LCK_1_frame1	-	-	-	PPP1CB	PPP1CB	-	-	8GAE:D:E	0.1386
-	BANP_1_frame1	BANP_1_frame1	-	-	-	BANP_7_frame1	BANP_7_frame1	-	-	8HTX_AU:A:B	6.9115
-	BANP_1_frame1	BANP_1_frame1	-	-	-	BANP_3_frame1	BANP_3_frame1	-	-	8HTX_AU:A:B	6.9115
-	BANP_1_frame1	BANP_1_frame1	-	-	-	BANP_5_frame1	BANP_5_frame1	-	-	8HTX_AU:A:B	6.9115
-	BANP_1_frame1	BANP_1_frame1	-	-	-	BANP_1_frame1	BANP_1_frame1	-	-	8HTX_AU:A:B	6.9115
-	BANP_1_frame1	BANP_1_frame1	-	-	-	BANP_4_frame1	BANP_4_frame1	-	-	8HTX_AU:A:B	6.9115
-	ARHGAP26_2_frame1	ARHGAP26_2_frame1	-	-	-	ARHGAP26_2_frame1	ARHGAP26_2_frame1	-	-	A1A4S6_S0__Q9UNA1_S0__AFMM4:B:A	206.715
-	ARHGAP26_2_frame1	ARHGAP26_2_frame1	-	-	-	ARHGAP26_1_frame1	ARHGAP26_1_frame1	-	-	A1A4S6_S0__Q9UNA1_S0__AFMM4:B:A	206.715
-	ARHGAP26_2_frame1	ARHGAP26_2_frame1	-	-	-	PTPRN	PTPRN	-	-	A1A4S6_S0__Q05209_S0__AFMM1:A:B	25.7638
-	ARHGAP26_2_frame1	ARHGAP26_2_frame1	-	-	-	EFS	EFS	-	-	A1A4S6_S0__Q9UNA1_S0__AFMM4:B:A	262.064
-	RNF6_1_frame1	RNF6_1_frame1	-	-	-	RNF6_1_frame1	RNF6_1_frame1	-	-	7BVW_AU:B:A	6.5534
-	RNF6_1_frame1	RNF6_1_frame1	-	-	-	CDK5_1_frame1	CDK5_1_frame1	-	-	Q8NG27_S0__Q96PN8_S0__AF:A:B	20.6674
-	HGS_2_frame1	HGS_2_frame1	-	-	-	TRIM23	TRIM23	-	-	O60784_S0__P61204_S0__AFMM5:A:B	7.4645
-	HGS_2_frame1	HGS_2_frame1	-	-	-	STK25_2_frame2	STK25_2_frame2	-	-	Q02750_S0__Q9H8W4_S0__AFMM2:B:A	26.9615
-	HGS_2_frame1	HGS_2_frame1	-	-	-	STK25_1_frame1	STK25_1_frame1	-	-	Q13188_S0__Q9H8W4_S0__AF2:B:A	22.4771
-	HGS_2_frame1	HGS_2_frame1	-	-	-	STK25_3_frame1	STK25_3_frame1	-	-	Q02750_S0__Q9H8W4_S0__AFMM2:B:A	16.3313
-	ZNF688_2_frame1	ZNF688_2_frame1	-	-	-	IKZF3	IKZF3	-	-	Q96IT1_S0__Q9UNY5_S0__AF:A:B	106.46
-	ZNF688_2_frame1	ZNF688_2_frame1	-	-	-	ZNF688_1_frame1	ZNF688_1_frame1	-	-	Q96IT1_S0__Q9NWS9_S0__AF:A:B	86.6248
-	ZNF688_2_frame1	ZNF688_2_frame1	-	-	-	ZNF471	ZNF471	-	-	P17040_S0__Q96IT1_S0__AF2:B:A	93.3588
-	ZNF688_2_frame1	ZNF688_2_frame1	-	-	-	ZNF688_4_frame1	ZNF688_4_frame1	-	-	Q15776_S0__Q96IT1_S0__AFMM3:B:A	76.0654
-	ZNF688_2_frame1	ZNF688_2_frame1	-	-	-	ZBTB7B	ZBTB7B	-	-	Q8NF99_S0__Q96IT1_S0__AF:B:A	73.9256
-	TACC1	TACC1	-	-	-	TACC1	TACC1	-	-	5LXN_AU:G:A	6.6977
-	TACC1	TACC1	-	-	-	THAP1	THAP1	-	-	O75410_S0__Q9NVV9_S0__AFMM2:A:B	27.8503
-	HGS	HGS	-	-	-	STK25_2_frame2	STK25_2_frame2	-	-	Q02750_S0__Q9H8W4_S0__AFMM2:B:A	26.9615
-	HGS	HGS	-	-	-	STK25_1_frame1	STK25_1_frame1	-	-	Q13188_S0__Q9H8W4_S0__AF2:B:A	22.4771
-	HGS	HGS	-	-	-	STK25_3_frame1	STK25_3_frame1	-	-	Q02750_S0__Q9H8W4_S0__AFMM2:B:A	16.3313
-	ARHGEF15_1_frame1	ARHGEF15_1_frame1	-	-	-	ARHGEF15_2_frame1	ARHGEF15_2_frame1	-	-	7CSR_AU:C:B	2.8233
-	ARHGEF15_1_frame1	ARHGEF15_1_frame1	-	-	-	ARHGEF15_1_frame1	ARHGEF15_1_frame1	-	-	7CSR_AU:C:B	2.8233
-	AKAP10_3_frame1	AKAP10_3_frame1	-	-	-	CDX4	CDX4	-	-	P49639_S0__Q9UGC6_S0__AFMM5:B:A	2.108
-	AKAP10_3_frame1	AKAP10_3_frame1	-	-	-	CRX	CRX	-	-	P49639_S0__Q9UGC6_S0__AFMM5:B:A	8.7492
-	AKAP10_3_frame1	AKAP10_3_frame1	-	-	-	MEOX1	MEOX1	-	-	P49639_S0__Q9UGC6_S0__AFMM5:B:A	2.108
-	AKAP10_3_frame1	AKAP10_3_frame1	-	-	-	DLX3	DLX3	-	-	P49639_S0__Q9UGC6_S0__AFMM5:B:A	2.108
-	AKAP10_3_frame1	AKAP10_3_frame1	-	-	-	MEOX2	MEOX2	-	-	P49639_S0__Q9UGC6_S0__AFMM5:B:A	2.108
-	CAPN3_2_frame2	CAPN3_2_frame2	-	-	-	CAPN3_7_frame1	CAPN3_7_frame1	-	-	P04632_S0__Q96L46_S0__AFMM1:A:B	93.022
-	CAPN3_2_frame2	CAPN3_2_frame2	-	-	-	CAPN3_2_frame2	CAPN3_2_frame2	-	-	P04632_S0__Q96L46_S0__AFMM1:A:B	80.9304
-	CAPN3_2_frame2	CAPN3_2_frame2	-	-	-	CAPN3_1_frame1	CAPN3_1_frame1	-	-	P04632_S0__Q96L46_S0__AFMM1:A:B	88.3174
-	CAPN3_2_frame2	CAPN3_2_frame2	-	-	-	STK25_2_frame2	STK25_2_frame2	-	-	P07384_S0__Q13177_S0__AF3:A:B	4.7923
-	CAPN3_2_frame2	CAPN3_2_frame2	-	-	-	STK25_1_frame1	STK25_1_frame1	-	-	P07384_S0__Q13177_S0__AF3:A:B	4.7923
-	EXOSC8	EXOSC8	-	-	-	EXOSC8	EXOSC8	-	-	8XFX_AU:A:B	9.6811
-	MNAT1_2_frame1	MNAT1_2_frame1	-	-	-	MNAT1_2_frame1	MNAT1_2_frame1	-	-	3GMH_AU:H:G	33.2266
-	MNAT1_2_frame1	MNAT1_2_frame1	-	-	-	TRIP13	TRIP13	-	-	6F0X:Z:A	6.6335
-	MNAT1_2_frame1	MNAT1_2_frame1	-	-	-	PPP3R1	PPP3R1	-	-	P41208_S0__Q13257_S0__AFMM3:B:A	0.794
-	BTC_1_frame1	BTC_1_frame1	-	-	-	LCK_1_frame1	LCK_1_frame1	-	-	P21860_S2__P35070_S0__AFMM2:B:A	8.3382
-	BTC_1_frame1	BTC_1_frame1	-	-	-	STK25_3_frame1	STK25_3_frame1	-	-	P21860_S2__P35070_S0__AFMM2:B:A	23.9348
-	BTC_1_frame1	BTC_1_frame1	-	-	-	SLC30A2	SLC30A2	-	-	Q8IYR6_S0__Q9BRI3_S0__AF:A:B	2.2308
-	UCK1_5_frame1	UCK1_5_frame1	-	-	-	UCK1_3_frame1	UCK1_3_frame1	-	-	6PWZ_AU:H:B	55.9884
-	UCK1_5_frame1	UCK1_5_frame1	-	-	-	UCK1_1_frame1	UCK1_1_frame1	-	-	6N55:H:A	51.3105
-	UCK1_5_frame1	UCK1_5_frame1	-	-	-	UCK1_5_frame1	UCK1_5_frame1	-	-	6PWZ_AU:H:B	52.3807
-	UCK1_5_frame1	UCK1_5_frame1	-	-	-	UCK1	UCK1	-	-	6PWZ_AU:H:B	55.9884
-	AGTRAP	AGTRAP	-	-	-	CDX4	CDX4	-	-	P31276_S0__Q6RW13_S0__AFMM3:B:A	0.0
-	AGTRAP	AGTRAP	-	-	-	MEOX1	MEOX1	-	-	P31276_S0__Q6RW13_S0__AFMM3:B:A	0.0
-	AGTRAP	AGTRAP	-	-	-	MEOX2	MEOX2	-	-	P31276_S0__Q6RW13_S0__AFMM3:B:A	0.0
-	CALCOCO2	CALCOCO2	-	-	-	CALCOCO2	CALCOCO2	-	-	5Z7A_AU:B:A	16.5526
-	CALCOCO2	CALCOCO2	-	-	-	TAX1BP1	TAX1BP1	-	-	5Z7A_AU:A:B	16.5526
-	UPP2	UPP2	-	-	-	UPP2_4_frame1	UPP2_4_frame1	-	-	2XRF_AU:B:C	39.4356
-	UPP2	UPP2	-	-	-	UPP2_3_frame1	UPP2_3_frame1	-	-	2XRF_AU:B:C	177.753
-	UPP2	UPP2	-	-	-	UPP2_2_frame1	UPP2_2_frame1	-	-	2XRF_AU:C:B	171.168
-	UPP2	UPP2	-	-	-	UPP2	UPP2	-	-	2XRF_AU:C:B	169.269
-	UPP2	UPP2	-	-	-	UPP2_1_frame1	UPP2_1_frame1	-	-	2XRF_AU:C:B	169.269
-	MCMBP_1_frame1	MCMBP_1_frame1	-	-	-	MCM7_1_frame1	MCM7_1_frame1	-	-	P33991_S0__Q9BTE3_S0__AFMM2:B:A	116.994
-	MVK_2_frame1	MVK_2_frame1	-	-	-	MVK_1_frame1	MVK_1_frame1	-	-	4HAC:B:A	73.1428
-	MVK_2_frame1	MVK_2_frame1	-	-	-	MVK_2_frame1	MVK_2_frame1	-	-	4HAC:B:A	73.1428
-	MVK_2_frame1	MVK_2_frame1	-	-	-	MVK	MVK	-	-	4HAC:B:A	73.1428
-	TFIP11	TFIP11	-	-	-	PPFIBP2	PPFIBP2	-	-	O75145_S2__Q9UBB9_S0__AFMM3:B:A	29.2659
-	RXRB_2_frame1	RXRB_2_frame1	-	-	-	RARB	RARB	-	-	4IQR_AU:B:A	63.6176
-	RXRB_2_frame1	RXRB_2_frame1	-	-	-	RXRB_1_frame1	RXRB_1_frame1	-	-	P13056_S0__P49116_S0__AFMM1:A:B	83.1568
-	RXRB_2_frame1	RXRB_2_frame1	-	-	-	RXRB_2_frame1	RXRB_2_frame1	-	-	P13056_S0__P49116_S0__AFMM1:A:B	83.1568
-	RXRB_2_frame1	RXRB_2_frame1	-	-	-	RXRB_4_frame2	RXRB_4_frame2	-	-	P13056_S0__P49116_S0__AFMM1:B:A	99.5126
-	RXRB_2_frame1	RXRB_2_frame1	-	-	-	L3MBTL3	L3MBTL3	-	-	P41235_S0__Q05BQ5_S0__AF1:A:B	1.4292
-	BANP_4_frame1	BANP_4_frame1	-	-	-	BANP_7_frame1	BANP_7_frame1	-	-	8HTX_AU:A:B	6.9115
-	BANP_4_frame1	BANP_4_frame1	-	-	-	BANP_3_frame1	BANP_3_frame1	-	-	8HTX_AU:A:B	6.9115
-	BANP_4_frame1	BANP_4_frame1	-	-	-	BANP_5_frame1	BANP_5_frame1	-	-	8HTX_AU:A:B	6.9115
-	BANP_4_frame1	BANP_4_frame1	-	-	-	BANP_1_frame1	BANP_1_frame1	-	-	8HTX_AU:A:B	6.9115
-	BANP_4_frame1	BANP_4_frame1	-	-	-	BANP_4_frame1	BANP_4_frame1	-	-	8HTX_AU:A:B	6.9115
-	FHL2	FHL2	-	-	-	RBPMS	RBPMS	-	-	P61968_S0__Q93062_S0__AF:A:B	38.9316
-	FHL2	FHL2	-	-	-	MAPK7	MAPK7	-	-	O96017_S0__Q13643_S0__AF:B:A	22.5283
-	FHL2	FHL2	-	-	-	CAMK2D	CAMK2D	-	-	O96017_S0__Q13643_S0__AF:B:A	22.5283
-	FHL2	FHL2	-	-	-	IKZF3	IKZF3	-	-	Q05516_S0__Q14192_S0__AF3:B:A	2.0181
-	FHL2	FHL2	-	-	-	EMILIN1	EMILIN1	-	-	Q5TD97_S0__Q96A83_S0__AF:A:B	15.7913
-	JMJD5_2_frame1	JMJD5_2_frame1	-	-	-	ANKRD50_2_frame1	ANKRD50_2_frame1	-	-	Q8WVL7_S0__Q9NWT6_S0__AFMM1:B:A	22.6243
-	S100A2	S100A2	-	-	-	S100A2	S100A2	-	-	2H2K:A:B	113.318
-	S100A2	S100A2	-	-	-	S100B_1_frame1	S100B_1_frame1	-	-	7PSQ_AU:G:C	69.2192
-	S100A2	S100A2	-	-	-	S100A1	S100A1	-	-	7PSQ:A:E	85.0553
-	S100A2	S100A2	-	-	-	S100A1_1_frame1	S100A1_1_frame1	-	-	7PSQ:A:E	85.0553
-	S100A2	S100A2	-	-	-	S100B	S100B	-	-	7PSQ_AU:G:C	69.2192
-	BTC_2_frame1	BTC_2_frame1	-	-	-	LCK_1_frame1	LCK_1_frame1	-	-	P21860_S2__P35070_S0__AFMM2:B:A	8.3382
-	BTC_2_frame1	BTC_2_frame1	-	-	-	STK25_3_frame1	STK25_3_frame1	-	-	P21860_S2__P35070_S0__AFMM2:B:A	23.9348
-	ZNF341_ORF2	ZNF341_ORF2	-	-	-	ZNF471	ZNF471	-	-	O43345_S2__Q05481_S2__AF:B:A	117.728
-	ZNF341_ORF2	ZNF341_ORF2	-	-	-	ZNF341_ORF1	ZNF341_ORF1	-	-	Q13105_S0__Q9P1Z0_S0__AFMM4:A:B	62.706
-	ZNF341_ORF2	ZNF341_ORF2	-	-	-	SP4	SP4	-	-	O43345_S2__Q05481_S2__AF:B:A	82.6393
-	ZNF341_ORF2	ZNF341_ORF2	-	-	-	ZNF688_1_frame1	ZNF688_1_frame1	-	-	O43345_S2__Q05481_S2__AF:B:A	72.2509
-	ZNF341_ORF2	ZNF341_ORF2	-	-	-	ZNF688_4_frame1	ZNF688_4_frame1	-	-	O43345_S2__Q05481_S2__AF:B:A	61.5075
-	NCK2_1_frame1	NCK2_1_frame1	-	-	-	NCK1_3_frame1	NCK1_3_frame1	-	-	5QU4_AU:D:B	158.102
-	NCK2_1_frame1	NCK2_1_frame1	-	-	-	NCK1_2_frame1	NCK1_2_frame1	-	-	5QU4_AU:D:B	158.102
-	NCK2_1_frame1	NCK2_1_frame1	-	-	-	PTK2	PTK2	-	-	Q9UKW4_S1__Q9UM73_S2__AFMM4:A:B	56.8026
-	NCK2_1_frame1	NCK2_1_frame1	-	-	-	PSTPIP1	PSTPIP1	-	-	O43639_S0__Q9NZQ3_S0__AFMM2:A:B	16.4029
-	NCK2_1_frame1	NCK2_1_frame1	-	-	-	EFS	EFS	-	-	8DGO:A:B	73.3908
-	LDB3_2_frame1	LDB3_2_frame1	-	-	-	LDB3_3_frame1	LDB3_3_frame1	-	-	4Q2O:A:B	102.151
-	LDB3_2_frame1	LDB3_2_frame1	-	-	-	LDB3_2_frame1	LDB3_2_frame1	-	-	4Q2O:A:B	102.151
-	LDB3_2_frame1	LDB3_2_frame1	-	-	-	NCK1_1_frame1	NCK1_1_frame1	-	-	O14544_S0__Q96HC4_S0__AF1:B:A	13.1957
-	LDB3_2_frame1	LDB3_2_frame1	-	-	-	NCK1_3_frame1	NCK1_3_frame1	-	-	O14544_S0__Q96HC4_S0__AF1:B:A	14.0056
-	LDB3_2_frame1	LDB3_2_frame1	-	-	-	AKT1_1_frame1	AKT1_1_frame1	-	-	P05771_S0__Q96HC4_S0__AF:B:A	14.1406
-	FGA_5_frame1	FGA_5_frame1	-	-	-	FGA_5_frame1	FGA_5_frame1	-	-	1M1J:A:D	0.0197
-	FGA_5_frame1	FGA_5_frame1	-	-	-	FGA_2_frame1	FGA_2_frame1	-	-	1M1J:A:D	0.0197
-	ZKSCAN4_3_frame1	ZKSCAN4_3_frame1	-	-	-	ZNF471	ZNF471	-	-	O43309_S0__Q9Y5A6_S0__AFMM3:B:A	75.8335
-	ZKSCAN4_3_frame1	ZKSCAN4_3_frame1	-	-	-	SP4	SP4	-	-	Q9UNY5_S0__Q9Y2L8_S0__AFMM5:B:A	17.3859
-	ZKSCAN4_3_frame1	ZKSCAN4_3_frame1	-	-	-	IKZF3	IKZF3	-	-	P17028_S0__Q9HBT7_S0__AFMM2:A:B	67.739
-	ZKSCAN4_3_frame1	ZKSCAN4_3_frame1	-	-	-	ZNF688_1_frame1	ZNF688_1_frame1	-	-	Q6R2W3_S1__Q8N0Y2_S0__AFMM3:A:B	63.9224
-	ZKSCAN4_3_frame1	ZKSCAN4_3_frame1	-	-	-	ZNF688_4_frame1	ZNF688_4_frame1	-	-	O14771_S0__Q15697_S0__AFMM3:B:A	43.286
-	NME5_1_frame1	NME5_1_frame1	-	-	-	NME5_1_frame1	NME5_1_frame1	-	-	6K3H_AU:A:N	55.4517
-	RCOR3	RCOR3	-	-	-	PPP3R1	PPP3R1	-	-	P41208_S0__Q9UKL0_S0__AFMM4:B:A	75.3245
-	RCOR3	RCOR3	-	-	-	L3MBTL3	L3MBTL3	-	-	Q9P2K3_S0__Q9UHJ3_S1__AFMM4:A:B	21.5093
-	RCOR3	RCOR3	-	-	-	HMG20A	HMG20A	-	-	Q8IZ40_S0__Q9P0W2_S0__AFMM3:A:B	61.482
-	RCOR3	RCOR3	-	-	-	ERCC8_1_frame1	ERCC8_1_frame1	-	-	Q9BZK7_S0__Q9Y618_S1__AFMM5:B:A	63.9752
-	PEX5	PEX5	-	-	-	EFS	EFS	-	-	P50542_S0__Q92968_S0__AFMM5:A:B	39.868
-	DYX1C1_2_frame1	DYX1C1_2_frame1	-	-	-	CDK5_1_frame1	CDK5_1_frame1	-	-	Q9H2X6_S1__Q9UNE7_S0__AF:B:A	9.1206
-	DYX1C1_2_frame1	DYX1C1_2_frame1	-	-	-	CDK5_2_frame1	CDK5_2_frame1	-	-	Q9H2X6_S1__Q9UNE7_S0__AF:B:A	9.1206
-	DYX1C1_2_frame1	DYX1C1_2_frame1	-	-	-	STK25_2_frame2	STK25_2_frame2	-	-	Q9UNE7_S0__Q9Y2U5_S0__AFMM1:A:B	30.1722
-	DYX1C1_2_frame1	DYX1C1_2_frame1	-	-	-	STK25_1_frame1	STK25_1_frame1	-	-	Q9UNE7_S0__Q9Y2U5_S0__AFMM1:A:B	30.9209
-	DYX1C1_2_frame1	DYX1C1_2_frame1	-	-	-	STK25_3_frame1	STK25_3_frame1	-	-	Q9UNE7_S0__Q9Y2U5_S0__AFMM1:A:B	28.8844
-	MYOT_1_frame1	MYOT_1_frame1	-	-	-	CDK5_1_frame1	CDK5_1_frame1	-	-	P11801_S0__Q8WX93_S2__AF:B:A	19.0668
-	MYOT_1_frame1	MYOT_1_frame1	-	-	-	CAMK2D	CAMK2D	-	-	P11801_S0__Q8WX93_S2__AF:B:A	19.0668
-	UCK1	UCK1	-	-	-	UCK1_3_frame1	UCK1_3_frame1	-	-	6PWZ_AU:H:B	54.7379
-	UCK1	UCK1	-	-	-	UCK1_1_frame1	UCK1_1_frame1	-	-	6N55:A:C	53.3353
-	UCK1	UCK1	-	-	-	UCK1_5_frame1	UCK1_5_frame1	-	-	6PWZ_AU:B:H	53.0989
-	UCK1	UCK1	-	-	-	UCK1	UCK1	-	-	6PWZ_AU:H:B	54.7379
-	CCDC99	CCDC99	-	-	-	CCDC99	CCDC99	-	-	8ARF:B:A	104.76
-	FASLG	FASLG	-	-	-	FASLG	FASLG	-	-	4RSU:G:I	21.4576
-	HNRNPK_ORF1	HNRNPK_ORF1	-	-	-	HNRNPK_ORF1	HNRNPK_ORF1	-	-	1ZZJ:C:A	5.8764
-	HNRNPK_ORF1	HNRNPK_ORF1	-	-	-	HNRNPK_ORF2	HNRNPK_ORF2	-	-	1ZZJ:C:A	5.8764
-	CLCN2_2_frame1	CLCN2_2_frame1	-	-	-	CLCN2_3_frame1	CLCN2_3_frame1	-	-	2PFI:A:B	26.1381
-	CLCN2_2_frame1	CLCN2_2_frame1	-	-	-	CLCN2_2_frame1	CLCN2_2_frame1	-	-	2PFI:A:B	26.1381
-	CLCN2_2_frame1	CLCN2_2_frame1	-	-	-	CLCN2_4_frame1	CLCN2_4_frame1	-	-	7XF5:A:B	21.9414
-	CLCN2_2_frame1	CLCN2_2_frame1	-	-	-	CLCN2_1_frame1	CLCN2_1_frame1	-	-	8TA5:B:A	11.5851
-	VPS28_2_frame1	VPS28_2_frame1	-	-	-	VPS28_1_frame1	VPS28_1_frame1	-	-	6VME_AU:Y:X	30.3513
-	VPS28_2_frame1	VPS28_2_frame1	-	-	-	VPS28_2_frame1	VPS28_2_frame1	-	-	6VME_AU:Y:X	30.3513
-	ZGPAT_1_frame1	ZGPAT_1_frame1	-	-	-	PUF60_ORF3	PUF60_ORF3	-	-	O75940_S0__Q9UHX1_S0__AFMM1:A:B	13.226
-	BTRC_1_frame1	BTRC_1_frame1	-	-	-	BTRC_3_frame1	BTRC_3_frame1	-	-	Q9UKB1_S0__Q9Y297_S0__AFMM3:B:A	31.9781
-	BTRC_1_frame1	BTRC_1_frame1	-	-	-	BTRC_4_frame1	BTRC_4_frame1	-	-	Q9UKB1_S0__Q9Y297_S0__AFMM3:A:B	73.0847
-	BTRC_1_frame1	BTRC_1_frame1	-	-	-	BTRC_1_frame1	BTRC_1_frame1	-	-	Q9UKB1_S0__Q9Y297_S0__AFMM3:A:B	31.9781
-	BTRC_1_frame1	BTRC_1_frame1	-	-	-	EHMT2	EHMT2	-	-	6W5M:B:C	2.8764
-	BTRC_1_frame1	BTRC_1_frame1	-	-	-	IRAK4_1_frame1	IRAK4_1_frame1	-	-	Q969H0_S0__Q9H0K1_S0__AF:A:B	1.1729
-	TRIM23	TRIM23	-	-	-	AKT1_2_frame1	AKT1_2_frame1	-	-	4KAX:A:B	33.1949
-	TRIM23	TRIM23	-	-	-	TRIM2	TRIM2	-	-	8AMS:C:D	41.0818
-	TRIM23	TRIM23	-	-	-	CXCR3_1_frame1	CXCR3_1_frame1	-	-	7L0P:A:C	45.8037
-	TRIM23	TRIM23	-	-	-	MID2	MID2	-	-	8AMS:C:D	31.9632
-	TRIM23	TRIM23	-	-	-	CXCR3_2_frame1	CXCR3_2_frame1	-	-	8IZ4:A:R	19.1997
-	CASP2_1_frame1	CASP2_1_frame1	-	-	-	CASP2	CASP2	-	-	P31944_S0__P42575_S0__AF:A:B	71.1246
-	CASP2_1_frame1	CASP2_1_frame1	-	-	-	CASP2_1_frame1	CASP2_1_frame1	-	-	P31944_S0__P42575_S0__AF:A:B	71.1246
-	CASP2_1_frame1	CASP2_1_frame1	-	-	-	EHMT2	EHMT2	-	-	2P2C_AU:H:S	8.9339
-	CASP2_1_frame1	CASP2_1_frame1	-	-	-	ANKRD50_1_frame1	ANKRD50_1_frame1	-	-	2P2C_AU:H:S	8.9339
-	CASP2_1_frame1	CASP2_1_frame1	-	-	-	PPP1R12B_2_frame1	PPP1R12B_2_frame1	-	-	2P2C:B:P	23.3551
-	ZCWPW1_1_frame1	ZCWPW1_1_frame1	-	-	-	PPP1R12B_2_frame1	PPP1R12B_2_frame1	-	-	Q504Y3_S0__Q8N7Z5_S0__AFMM3:A:B	9.128
-	MLF1_1_frame1	MLF1_1_frame1	-	-	-	MLF1_1_frame1	MLF1_1_frame1	-	-	P58340_S0__Q15773_S0__AFMM3:B:A	47.6314
-	SUCLA2_2_frame1	SUCLA2_2_frame1	-	-	-	SUCLA2_2_frame1	SUCLA2_2_frame1	-	-	6NO4:B:A	59.6678
-	SUCLA2_2_frame1	SUCLA2_2_frame1	-	-	-	SUCLA2_1_frame1	SUCLA2_1_frame1	-	-	6NO4:B:A	33.5615
-	TRIM27_ORF2	TRIM27_ORF2	-	-	-	TRIM27_ORF1	TRIM27_ORF1	-	-	Q9BYJ4_S0__Q9C030_S0__AFMM2:B:A	207.919
-	TRIM27_ORF2	TRIM27_ORF2	-	-	-	TRIM27_ORF2	TRIM27_ORF2	-	-	P14373_S0__Q96F44_S0__AFMM2:A:B	157.598
-	TRIM27_ORF2	TRIM27_ORF2	-	-	-	TRIM17	TRIM17	-	-	Q9BYJ4_S0__Q9C030_S0__AFMM2:B:A	219.445
-	TRIM27_ORF2	TRIM27_ORF2	-	-	-	MID2	MID2	-	-	5OLM:B:A	119.344
-	NDN_5_frame1	NDN_5_frame1	-	-	-	MAGEA6	MAGEA6	-	-	6WJH_AU:B:D	27.017
-	NDN_5_frame1	NDN_5_frame1	-	-	-	NDN_5_frame1	NDN_5_frame1	-	-	6WJH_AU:A:C	7.767
-	NDN_5_frame1	NDN_5_frame1	-	-	-	MAGEA11	MAGEA11	-	-	6WJH_AU:D:A	13.643
-	NDN_5_frame1	NDN_5_frame1	-	-	-	MAGEA12	MAGEA12	-	-	6WJH_AU:B:D	24.008
-	NDN_5_frame1	NDN_5_frame1	-	-	-	MAGED1	MAGED1	-	-	6WJH_AU:A:C	15.6495
-	REL	REL	-	-	-	REL	REL	-	-	P19838_S0__Q00653_S0__AFMM2:A:B	142.641
-	REL	REL	-	-	-	EHMT2	EHMT2	-	-	P25963_S0__Q04864_S0__AF1:B:A	26.5471
-	REL	REL	-	-	-	ELK3	ELK3	-	-	5ZMC:A:B	22.8221
-	REL	REL	-	-	-	ETV6	ETV6	-	-	5ZMC:A:B	4.9975
-	REL	REL	-	-	-	ANKRD50_2_frame1	ANKRD50_2_frame1	-	-	Q04864_S0__Q15653_S0__AFMM1:A:B	48.0304
-	COG5	COG5	-	-	-	COG7_3_frame1	COG7_3_frame1	-	-	P83436_S1__Q9UP83_S0__AF:B:A	53.7625
-	COG5	COG5	-	-	-	COG7_1_frame1	COG7_1_frame1	-	-	P83436_S1__Q9UP83_S0__AF:B:A	53.7625
-	NCK1_2_frame1	NCK1_2_frame1	-	-	-	NCK2_1_frame1	NCK2_1_frame1	-	-	5QU4_AU:D:B	158.102
-	NCK1_2_frame1	NCK1_2_frame1	-	-	-	NCK1_2_frame1	NCK1_2_frame1	-	-	5QU4_AU:D:B	150.201
-	NCK1_2_frame1	NCK1_2_frame1	-	-	-	NCK1_1_frame1	NCK1_1_frame1	-	-	5QU4_AU:D:B	154.038
-	NCK1_2_frame1	NCK1_2_frame1	-	-	-	NCK1_3_frame1	NCK1_3_frame1	-	-	5QU4_AU:D:B	158.102
-	NCK1_2_frame1	NCK1_2_frame1	-	-	-	LCK_2_frame1	LCK_2_frame1	-	-	O43639_S0__P54762_S2__AFMM1:A:B	38.5884
-	LZTS2	LZTS2	-	-	-	LZTS2	LZTS2	-	-	O60299_S0__Q9BRK4_S0__AFMM5:B:A	25.8215
-	LZTS2	LZTS2	-	-	-	CEP63	CEP63	-	-	Q96MT8_S0__Q9BRK4_S0__AFMM2:B:A	118.653
-	LZTS2	LZTS2	-	-	-	PPFIBP2	PPFIBP2	-	-	Q674X7_S0__Q9Y250_S0__AFMM3:B:A	44.5821
-	P4HA3	P4HA3	-	-	-	P4HA3	P4HA3	-	-	O15460_S0__P13674_S0__AFMM3:A:B	183.316
-	P4HA3	P4HA3	-	-	-	DTNBP1	DTNBP1	-	-	Q7Z4N8_S0__Q96EV8_S0__AFMM4:A:B	47.3505
-	SLC25A10_3_frame1	SLC25A10_3_frame1	-	-	-	STK25_3_frame1	STK25_3_frame1	-	-	P05141_S0__Q13233_S2__AFMM2:A:B	35.5424
-	SLC25A10_3_frame1	SLC25A10_3_frame1	-	-	-	ZSCAN20	ZSCAN20	-	-	P05141_S0__Q13422_S0__AF:A:B	26.3824
-	SLC25A10_3_frame1	SLC25A10_3_frame1	-	-	-	ZNF483	ZNF483	-	-	P05141_S0__Q13422_S0__AF:A:B	26.3824
-	SLC25A10_3_frame1	SLC25A10_3_frame1	-	-	-	IKZF3	IKZF3	-	-	P05141_S0__Q13422_S0__AF:A:B	36.9887
-	SLC25A10_3_frame1	SLC25A10_3_frame1	-	-	-	ZNF341_ORF2	ZNF341_ORF2	-	-	P05141_S0__Q13422_S0__AF:A:B	26.3824
-	ANKRD50_1_frame1	ANKRD50_1_frame1	-	-	-	PPFIBP2	PPFIBP2	-	-	Q14678_S0__Q86W92_S1__AFMM2:A:B	74.5774
-	ANKRD50_1_frame1	ANKRD50_1_frame1	-	-	-	TRIM23	TRIM23	-	-	P62330_S0__Q15027_S0__AFMM3:B:A	2.2744
-	ANKRD50_1_frame1	ANKRD50_1_frame1	-	-	-	GLRX3	GLRX3	-	-	P58546_S0__Q86SX6_S0__AFMM1:A:B	4.8235
-	ANKRD50_1_frame1	ANKRD50_1_frame1	-	-	-	CCND2	CCND2	-	-	P24385_S0__P42771_S0__AF4:B:A	7.1826
-	TMEM67_3_frame1	TMEM67_3_frame1	-	-	-	NOTCH2NL	NOTCH2NL	-	-	P55268_S2__Q9Y6N6_S2__AFMM2:B:A	5.3302
-	TMEM67_3_frame1	TMEM67_3_frame1	-	-	-	LAMB3_1_frame1	LAMB3_1_frame1	-	-	P55268_S2__Q9Y6N6_S2__AFMM2:B:A	29.8258
-	TMEM67_3_frame1	TMEM67_3_frame1	-	-	-	EFEMP2	EFEMP2	-	-	P14543_S1__Q9Y6N6_S2__AFMM3:B:A	2.0536
-	TMEM67_3_frame1	TMEM67_3_frame1	-	-	-	PTK2	PTK2	-	-	P21709_S1__P29320_S2__AF3:A:B	0.4682
-	TMEM67_3_frame1	TMEM67_3_frame1	-	-	-	LCK_2_frame1	LCK_2_frame1	-	-	P21709_S1__P29320_S2__AF3:A:B	0.4682
-	MKRN2	MKRN2	-	-	-	NR1H3	NR1H3	-	-	O75469_S0__Q9H000_S0__AFMM5:B:A	21.4798
-	MKRN2	MKRN2	-	-	-	NR1H4	NR1H4	-	-	O75469_S0__Q9H000_S0__AFMM5:B:A	20.2665
-	MKRN2	MKRN2	-	-	-	RXRB_1_frame1	RXRB_1_frame1	-	-	O75469_S0__Q9H000_S0__AFMM5:B:A	16.5197
-	MKRN2	MKRN2	-	-	-	RARA_ORF1	RARA_ORF1	-	-	O75469_S0__Q9H000_S0__AFMM5:B:A	21.4798
-	MKRN2	MKRN2	-	-	-	RARA_ORF2	RARA_ORF2	-	-	O75469_S0__Q9H000_S0__AFMM5:B:A	21.4798
-	MEF2A_3_frame1	MEF2A_3_frame1	-	-	-	MEF2A_4_frame1	MEF2A_4_frame1	-	-	7X1N_AU:D:A	215.497
-	MEF2A_3_frame1	MEF2A_3_frame1	-	-	-	MEF2A_3_frame1	MEF2A_3_frame1	-	-	7X1N_AU:D:A	215.497
-	MEF2A_3_frame1	MEF2A_3_frame1	-	-	-	CDX4	CDX4	-	-	6WC2_AU:D:O	11.0467
-	MEF2A_3_frame1	MEF2A_3_frame1	-	-	-	MEOX1	MEOX1	-	-	6WC2_AU:D:O	11.0467
-	MEF2A_3_frame1	MEF2A_3_frame1	-	-	-	DLX3	DLX3	-	-	6WC2_AU:D:O	11.0467
-	SHMT2_1_frame1	SHMT2_1_frame1	-	-	-	SHMT2_2_frame3	SHMT2_2_frame3	-	-	4O6Z:A:B	182.218
-	SHMT2_1_frame1	SHMT2_1_frame1	-	-	-	SHMT2_1_frame1	SHMT2_1_frame1	-	-	7QX8_AU:G:H	154.384
-	PSMA3	PSMA3	-	-	-	PSMA3	PSMA3	-	-	4G4S:E:D	88.2945
-	PSMA3	PSMA3	-	-	-	PSME3	PSME3	-	-	8CXB:D:c	35.965
-	HGS_1_frame1	HGS_1_frame1	-	-	-	STK25_2_frame2	STK25_2_frame2	-	-	Q02750_S0__Q9H8W4_S0__AFMM2:B:A	26.9615
-	HGS_1_frame1	HGS_1_frame1	-	-	-	STK25_1_frame1	STK25_1_frame1	-	-	Q13188_S0__Q9H8W4_S0__AF2:B:A	22.4771
-	HGS_1_frame1	HGS_1_frame1	-	-	-	STK25_3_frame1	STK25_3_frame1	-	-	Q02750_S0__Q9H8W4_S0__AFMM2:B:A	16.3313
-	SIAH1_ORF2	SIAH1_ORF2	-	-	-	SIAH1_ORF1	SIAH1_ORF1	-	-	O43255_S0__Q8IUQ4_S0__AFMM1:A:B	54.2123
-	SIAH1_ORF2	SIAH1_ORF2	-	-	-	SIAH1_ORF2	SIAH1_ORF2	-	-	O43255_S0__Q8IUQ4_S0__AFMM1:A:B	54.2123
-	CDK5_1_frame1	CDK5_1_frame1	-	-	-	PLK4	PLK4	-	-	6QAV:B:A	155.197
-	CDK5_1_frame1	CDK5_1_frame1	-	-	-	AKT1_1_frame1	AKT1_1_frame1	-	-	6QAV:A:B	130.951
-	CDK5_1_frame1	CDK5_1_frame1	-	-	-	IRAK4_1_frame1	IRAK4_1_frame1	-	-	9UW3:B:A	64.0572
-	CDK5_1_frame1	CDK5_1_frame1	-	-	-	STK25_2_frame2	STK25_2_frame2	-	-	7L26_AU:A:B	179.038
-	CDK5_1_frame1	CDK5_1_frame1	-	-	-	LCK_2_frame1	LCK_2_frame1	-	-	P17948_S2__P35968_S2__AFMM2:B:A	25.5129
-	KCNIP4	KCNIP4	-	-	-	KCNA3	KCNA3	-	-	7E8H:F:B	57.9603
-	KCNIP4	KCNIP4	-	-	-	KCNIP4	KCNIP4	-	-	4BY4:A:B	42.5018
-	KCNIP4	KCNIP4	-	-	-	PPP3CA_2_frame1	PPP3CA_2_frame1	-	-	9NXN:B:A	117.462
-	KCNIP4	KCNIP4	-	-	-	PPP3CA_1_frame1	PPP3CA_1_frame1	-	-	9NXN:B:A	117.462
-	KCNIP4	KCNIP4	-	-	-	PPP1CB	PPP1CB	-	-	9NXN:B:A	35.2071
-	CRK_1_frame1	CRK_1_frame1	-	-	-	NCK2_1_frame1	NCK2_1_frame1	-	-	2K79:B:A	46.4572
-	CRK_1_frame1	CRK_1_frame1	-	-	-	NCK1_3_frame1	NCK1_3_frame1	-	-	4NWF_AU:A:B	35.9389
-	CRK_1_frame1	CRK_1_frame1	-	-	-	LCK_3_frame1	LCK_3_frame1	-	-	P00533_S2__P46109_S0__AFMM4:B:A	32.2458
-	CRK_1_frame1	CRK_1_frame1	-	-	-	LCK_2_frame1	LCK_2_frame1	-	-	P46109_S0__Q07912_S0__AFMM2:A:B	40.3093
-	CRK_1_frame1	CRK_1_frame1	-	-	-	LCK_1_frame1	LCK_1_frame1	-	-	P46109_S0__Q07912_S0__AFMM2:A:B	61.1489
-	LSM1_1_frame1	LSM1_1_frame1	-	-	-	LSM1_1_frame1	LSM1_1_frame1	-	-	1I8F:G:F	72.816
-	LSM1_1_frame1	LSM1_1_frame1	-	-	-	LSM3	LSM3	-	-	1I8F:F:G	71.3806
-	KRT6A_1_frame1	KRT6A_1_frame1	-	-	-	KRT19	KRT19	-	-	O76014_S0__P78385_S0__AFMM5:B:A	261.0
-	KRT6A_1_frame1	KRT6A_1_frame1	-	-	-	KRT18	KRT18	-	-	O76014_S0__P78385_S0__AFMM5:B:A	272.731
-	KRT6A_1_frame1	KRT6A_1_frame1	-	-	-	KRT15	KRT15	-	-	P19012_S0__Q9NSB4_S0__AFMM3:B:A	210.219
-	KRT6A_1_frame1	KRT6A_1_frame1	-	-	-	KRT33B	KRT33B	-	-	O76014_S0__P78385_S0__AFMM5:B:A	286.655
-	KRT6A_1_frame1	KRT6A_1_frame1	-	-	-	KRT6A_1_frame1	KRT6A_1_frame1	-	-	P19013_S0__Q9NSB4_S0__AFMM2:A:B	171.875
-	PNMA2	PNMA2	-	-	-	PNMA2	PNMA2	-	-	Q8ND90_S0__Q96PV4_S0__AFMM1:A:B	83.9342
-	PNMA2	PNMA2	-	-	-	PNMA1	PNMA1	-	-	Q96BY2_S0__Q96PV4_S0__AFMM3:A:B	65.6756
-	PNMA2	PNMA2	-	-	-	MAGEA6	MAGEA6	-	-	P43364_S0__Q6PEW1_S0__AFMM2:B:A	20.7636
-	PNMA2	PNMA2	-	-	-	NDN_5_frame1	NDN_5_frame1	-	-	P43364_S0__Q6PEW1_S0__AFMM2:B:A	25.3281
-	PNMA2	PNMA2	-	-	-	MAGEA11	MAGEA11	-	-	P43364_S0__Q6PEW1_S0__AFMM2:B:A	9.3564
-	TP53BP2	TP53BP2	-	-	-	KLC3	KLC3	-	-	Q07866_S0__Q9BZL4_S0__AFMM3:B:A	63.4272
-	TP53BP2	TP53BP2	-	-	-	AKT1_1_frame1	AKT1_1_frame1	-	-	Q13464_S1__Q9BZL4_S0__AFMM2:B:A	54.0087
-	TP53BP2	TP53BP2	-	-	-	SRSF10_1_frame1	SRSF10_1_frame1	-	-	O43251_S0__Q9BZL4_S0__AFMM2:B:A	10.3429
-	TP53BP2	TP53BP2	-	-	-	MDM4	MDM4	-	-	O75832_S0__Q00987_S0__AFMM1:A:B	21.5562
-	TP53BP2	TP53BP2	-	-	-	L3MBTL3	L3MBTL3	-	-	Q6ZW76_S0__Q8NA19_S0__AF:A:B	14.863
-	CEP55	CEP55	-	-	-	CEP55	CEP55	-	-	3WUV_AU:P:Q	6.8505
-	TRIP6_ORF1	TRIP6_ORF1	-	-	-	LCK_2_frame1	LCK_2_frame1	-	-	O43294_S0__Q14289_S2__AFMM2:A:B	57.8043
-	TRIP6_ORF1	TRIP6_ORF1	-	-	-	LCK_1_frame1	LCK_1_frame1	-	-	O43294_S0__Q14289_S2__AFMM2:A:B	68.0435
-	TRIP6_ORF1	TRIP6_ORF1	-	-	-	LCK_3_frame1	LCK_3_frame1	-	-	O43294_S0__Q14289_S2__AFMM2:A:B	41.8253
-	TRIP6_ORF1	TRIP6_ORF1	-	-	-	TENC1	TENC1	-	-	O43294_S0__Q9HBL0_S1__AFMM4:A:B	12.3354
-	TRIP6_ORF1	TRIP6_ORF1	-	-	-	ABI2	ABI2	-	-	O43294_S0__P56945_S0__AFMM2:A:B	11.2958
-	PAK1IP1_4_frame3	PAK1IP1_4_frame3	-	-	-	LCK_2_frame1	LCK_2_frame1	-	-	P00533_S2__Q9NWT1_S0__AFMM3:B:A	24.4782
-	PAK1IP1_4_frame3	PAK1IP1_4_frame3	-	-	-	LCK_1_frame1	LCK_1_frame1	-	-	P00533_S2__Q9NWT1_S0__AFMM3:B:A	24.4782
-	PAK1IP1_4_frame3	PAK1IP1_4_frame3	-	-	-	LCK_3_frame1	LCK_3_frame1	-	-	P00533_S2__Q9NWT1_S0__AFMM3:B:A	24.4782
-	NCF2_3_frame1	NCF2_3_frame1	-	-	-	STK25_2_frame2	STK25_2_frame2	-	-	Q13177_S0__Q7Z6J0_S0__AFMM1:B:A	60.7234
-	NCF2_3_frame1	NCF2_3_frame1	-	-	-	STK25_1_frame1	STK25_1_frame1	-	-	Q13177_S0__Q7Z6J0_S0__AFMM1:B:A	60.7234
-	NCF2_3_frame1	NCF2_3_frame1	-	-	-	STK25_3_frame1	STK25_3_frame1	-	-	Q13177_S0__Q7Z6J0_S0__AFMM1:B:A	54.7094
-	NCF2_3_frame1	NCF2_3_frame1	-	-	-	CDK5_2_frame1	CDK5_2_frame1	-	-	Q13177_S0__Q7Z6J0_S0__AFMM1:B:A	55.1326
-	NCF2_3_frame1	NCF2_3_frame1	-	-	-	FCHO1	FCHO1	-	-	Q0JRZ9_S0__Q15811_S2__AFMM2:B:A	8.3304
-	L3MBTL3	L3MBTL3	-	-	-	L3MBTL3	L3MBTL3	-	-	Q8NA19_S0__Q96JM7_S0__AFMM2:B:A	41.2697
-	L3MBTL3	L3MBTL3	-	-	-	ZSCAN20	ZSCAN20	-	-	Q14592_S0__Q969R5_S0__AF:B:A	17.087
-	L3MBTL3	L3MBTL3	-	-	-	ZKSCAN4_1_frame1	ZKSCAN4_1_frame1	-	-	Q14592_S0__Q969R5_S0__AF:B:A	21.7974
-	L3MBTL3	L3MBTL3	-	-	-	ZNF483	ZNF483	-	-	Q14592_S0__Q969R5_S0__AF:B:A	17.087
-	L3MBTL3	L3MBTL3	-	-	-	IKZF3	IKZF3	-	-	Q14592_S0__Q969R5_S0__AF:B:A	21.9357
-	STK25_3_frame1	STK25_3_frame1	-	-	-	STK25_2_frame2	STK25_2_frame2	-	-	7L26_AU:A:B	202.807
-	STK25_3_frame1	STK25_3_frame1	-	-	-	STK25_1_frame1	STK25_1_frame1	-	-	7L26_AU:A:B	179.907
-	STK25_3_frame1	STK25_3_frame1	-	-	-	STK25_3_frame1	STK25_3_frame1	-	-	7L26_AU:A:B	203.21
-	STK25_3_frame1	STK25_3_frame1	-	-	-	CDK20_3_frame1	CDK20_3_frame1	-	-	7L26_AU:A:B	195.344
-	STK25_3_frame1	STK25_3_frame1	-	-	-	CDK20_1_frame1	CDK20_1_frame1	-	-	7L26_AU:B:A	180.994
-	LMBR1L_4_frame1	LMBR1L_4_frame1	-	-	-	RINT1	RINT1	-	-	Q6NUQ1_S0__Q6UX01_S0__AF4:B:A	24.9397
-	AXIN1_3_frame1	AXIN1_3_frame1	-	-	-	AXIN1_3_frame1	AXIN1_3_frame1	-	-	2BV1_AU:B:A	24.9728
-	AXIN1_3_frame1	AXIN1_3_frame1	-	-	-	AXIN1_2_frame1	AXIN1_2_frame1	-	-	2BV1_AU:B:A	24.9728
-	AXIN1_3_frame1	AXIN1_3_frame1	-	-	-	WWP2	WWP2	-	-	O15169_S0__Q9HAU4_S0__AFMM1:A:B	57.2694
-	AES	AES	-	-	-	AES	AES	-	-	Q04725_S0__Q04727_S0__AFMM1:A:B	92.1813
-	AES	AES	-	-	-	TCF4	TCF4	-	-	Q04727_S0__Q9NQB0_S0__AFMM2:A:B	18.4071
-	AES	AES	-	-	-	FOXM1_ORF1	FOXM1_ORF1	-	-	P55317_S0__Q04726_S0__AFMM5:B:A	4.1156
-	AES	AES	-	-	-	FOXM1_ORF2	FOXM1_ORF2	-	-	P55317_S0__Q04726_S0__AFMM5:B:A	4.1156
-	AES	AES	-	-	-	CDX4	CDX4	-	-	A6NJT0_S0__Q04725_S0__AFMM1:B:A	9.5094
-	TRIM37	TRIM37	-	-	-	TRIM37	TRIM37	-	-	3LRQ:D:A	35.6275
-	TRIM37	TRIM37	-	-	-	ZSCAN20	ZSCAN20	-	-	O94972_S0__Q6NUN9_S0__AF:A:B	7.7146
-	TRIM37	TRIM37	-	-	-	ZNF483	ZNF483	-	-	O94972_S0__Q6NUN9_S0__AF:A:B	7.7146
-	TRIM37	TRIM37	-	-	-	IKZF3	IKZF3	-	-	O94972_S0__Q6NUN9_S0__AF:A:B	24.5978
-	TRIM37	TRIM37	-	-	-	ZBTB7B	ZBTB7B	-	-	O94972_S0__Q6NUN9_S0__AF:A:B	7.7146
-	HNRPLL_2_frame1	HNRPLL_2_frame1	-	-	-	HNRPLL_2_frame1	HNRPLL_2_frame1	-	-	3ZZY_AU:B:A	3.642
-	HNRPLL_2_frame1	HNRPLL_2_frame1	-	-	-	HNRPLL_1_frame1	HNRPLL_1_frame1	-	-	3ZZY_AU:B:A	3.642
-	HNRPLL_2_frame1	HNRPLL_2_frame1	-	-	-	HNRPLL_3_frame1	HNRPLL_3_frame1	-	-	3ZZY_AU:B:A	3.642
-	CFP_1_frame1	CFP_1_frame1	-	-	-	CFP_1_frame1	CFP_1_frame1	-	-	5FTT:E:A	71.4931
-	CFP_1_frame1	CFP_1_frame1	-	-	-	CFP_2_frame1	CFP_2_frame1	-	-	6S08:B:A	55.8098
-	CFP_1_frame1	CFP_1_frame1	-	-	-	ADAMTSL4	ADAMTSL4	-	-	Q13591_S2__Q9P283_S2__AFMM1:A:B	21.1775
-	CFP_1_frame1	CFP_1_frame1	-	-	-	SDC3_1_frame1	SDC3_1_frame1	-	-	P31431_S0__Q13591_S1__AFMM4:B:A	7.5666
-	CFP_1_frame1	CFP_1_frame1	-	-	-	SDC3_2_frame1	SDC3_2_frame1	-	-	P31431_S0__Q13591_S1__AFMM4:B:A	7.5666
-	ACBD4_1_frame1	ACBD4_1_frame1	-	-	-	ACBD4_2_frame1	ACBD4_2_frame1	-	-	3EPY_AU:B:A	193.875
-	ACBD4_1_frame1	ACBD4_1_frame1	-	-	-	ACBD4_1_frame1	ACBD4_1_frame1	-	-	3EPY_AU:B:A	193.875
-	ACBD4_1_frame1	ACBD4_1_frame1	-	-	-	ACBD4_3_frame1	ACBD4_3_frame1	-	-	3EPY_AU:B:A	193.875
-	ACBD4_1_frame1	ACBD4_1_frame1	-	-	-	ACBD4_4_frame1	ACBD4_4_frame1	-	-	3EPY_AU:B:A	193.875
-	ACBD4_1_frame1	ACBD4_1_frame1	-	-	-	PTPRN	PTPRN	-	-	P18031_S0__Q5T8D3_S0__AFMM5:B:A	15.0578
-	CXCR3_2_frame1	CXCR3_2_frame1	-	-	-	CAMK2D	CAMK2D	-	-	P61073_S0__Q8NER5_S0__AFMM4:A:B	63.1152
-	CXCR3_2_frame1	CXCR3_2_frame1	-	-	-	PPP3R1	PPP3R1	-	-	P30556_S0__Q8TD86_S0__AF:A:B	8.3369
-	CXCR3_2_frame1	CXCR3_2_frame1	-	-	-	CA9_1_frame1	CA9_1_frame1	-	-	O00574_S0__Q9ULX7_S0__AF2:A:B	28.5191
-	CXCR3_2_frame1	CXCR3_2_frame1	-	-	-	CA9_2_frame1	CA9_2_frame1	-	-	O00574_S0__Q9ULX7_S0__AF2:A:B	18.7459
-	CXCR3_2_frame1	CXCR3_2_frame1	-	-	-	LCK_2_frame1	LCK_2_frame1	-	-	P16234_S2__P51677_S0__AFMM4:B:A	50.1825
-	JMJD5_1_frame1	JMJD5_1_frame1	-	-	-	ANKRD50_2_frame1	ANKRD50_2_frame1	-	-	Q8WVL7_S0__Q9NWT6_S0__AFMM1:B:A	22.6243
-	SKIL	SKIL	-	-	-	SKIL	SKIL	-	-	3EQ5_AU:A:H	7.3051
-	SKIL	SKIL	-	-	-	PRMT2_1_frame1	PRMT2_1_frame1	-	-	O14744_S0__P12755_S0__AF:B:A	22.886
-	SKIL	SKIL	-	-	-	PRMT2_2_frame1	PRMT2_2_frame1	-	-	O14744_S0__P12755_S0__AF:B:A	22.8639
-	ZCWPW1_4_frame1	ZCWPW1_4_frame1	-	-	-	ZCWPW1_6_frame1	ZCWPW1_6_frame1	-	-	7VLN_AU:C:B	5.1987
-	ZCWPW1_4_frame1	ZCWPW1_4_frame1	-	-	-	ZCWPW1_2_frame1	ZCWPW1_2_frame1	-	-	7VLN_AU:C:B	5.1987
-	ZCWPW1_4_frame1	ZCWPW1_4_frame1	-	-	-	ZCWPW1_1_frame1	ZCWPW1_1_frame1	-	-	7VLN_AU:C:B	5.1987
-	ZCWPW1_4_frame1	ZCWPW1_4_frame1	-	-	-	ZCWPW1_4_frame1	ZCWPW1_4_frame1	-	-	7VLN_AU:C:B	5.1987
-	ZCWPW1_4_frame1	ZCWPW1_4_frame1	-	-	-	ZCWPW1_5_frame1	ZCWPW1_5_frame1	-	-	7VLN_AU:C:B	5.1987
-	GATA3	GATA3	-	-	-	CDK5_1_frame1	CDK5_1_frame1	-	-	P23771_S0__P24941_S0__AFMM4:A:B	23.9904
-	GATA3	GATA3	-	-	-	MAPK7	MAPK7	-	-	P23771_S0__P24941_S0__AFMM4:A:B	20.1682
-	GATA3	GATA3	-	-	-	PLK4	PLK4	-	-	P23771_S0__P24941_S0__AFMM4:A:B	18.5165
-	GATA3	GATA3	-	-	-	CDK20_1_frame1	CDK20_1_frame1	-	-	P23771_S0__P24941_S0__AFMM4:A:B	22.0498
-	GATA3	GATA3	-	-	-	CDK5_2_frame1	CDK5_2_frame1	-	-	P23771_S0__P24941_S0__AFMM4:A:B	23.9619
-	ZBTB1	ZBTB1	-	-	-	IKZF3	IKZF3	-	-	P41182_S0__Q13105_S0__AFMM3:B:A	144.502
-	ZBTB1	ZBTB1	-	-	-	ZNF341_ORF2	ZNF341_ORF2	-	-	Q13105_S0__Q6ZSB9_S0__AFMM5:B:A	64.005
-	ZBTB1	ZBTB1	-	-	-	ZNF688_1_frame1	ZNF688_1_frame1	-	-	Q6ZSB9_S0__Q96BR9_S0__AF1:A:B	51.2142
-	ZBTB1	ZBTB1	-	-	-	ZNF471	ZNF471	-	-	P41182_S0__Q13105_S0__AFMM3:B:A	143.786
-	ZBTB1	ZBTB1	-	-	-	ZNF341_ORF1	ZNF341_ORF1	-	-	Q13105_S0__Q9P1Z0_S0__AFMM4:A:B	95.0526
-	ASL	ASL	-	-	-	ASL	ASL	-	-	6IEM:A:B	267.45
-	DYX1C1_1_frame1	DYX1C1_1_frame1	-	-	-	SGTA	SGTA	-	-	O43765_S0__Q96EQ0_S0__AFMM2:B:A	59.2189
-	DYX1C1_1_frame1	DYX1C1_1_frame1	-	-	-	LCK_2_frame1	LCK_2_frame1	-	-	P06213_S2__Q9UNE7_S0__AFMM1:B:A	20.8451
-	DYX1C1_1_frame1	DYX1C1_1_frame1	-	-	-	LCK_1_frame1	LCK_1_frame1	-	-	P06213_S2__Q9UNE7_S0__AFMM1:B:A	18.0454
-	DYX1C1_1_frame1	DYX1C1_1_frame1	-	-	-	CDK5_1_frame1	CDK5_1_frame1	-	-	Q9H2X6_S1__Q9UNE7_S0__AF:B:A	16.5898
-	DYX1C1_1_frame1	DYX1C1_1_frame1	-	-	-	CDK5_2_frame1	CDK5_2_frame1	-	-	Q9H2X6_S1__Q9UNE7_S0__AF:B:A	16.5898
-	RBM5_1_frame1	RBM5_1_frame1	-	-	-	RBM39	RBM39	-	-	P52756_S0__Q14498_S0__AFMM4:A:B	52.282
-	RBM5_1_frame1	RBM5_1_frame1	-	-	-	CAMK2D	CAMK2D	-	-	P52756_S0__Q13523_S0__AFMM2:A:B	7.1535
-	RBM5_1_frame1	RBM5_1_frame1	-	-	-	STK25_3_frame1	STK25_3_frame1	-	-	P52756_S0__Q13523_S0__AFMM2:A:B	5.1319
-	RBM5_1_frame1	RBM5_1_frame1	-	-	-	CDK5_2_frame1	CDK5_2_frame1	-	-	P52756_S0__Q13523_S0__AFMM2:A:B	0.9544
-	RBM5_1_frame1	RBM5_1_frame1	-	-	-	AKT1_1_frame1	AKT1_1_frame1	-	-	Q13595_S0__Q16513_S2__AF4:A:B	30.5907
-	MPP1	MPP1	-	-	-	GOPC	GOPC	-	-	Q5T2T1_S0__Q9NUP9_S0__AFMM3:A:B	64.9078
-	MPP1	MPP1	-	-	-	STK25_2_frame2	STK25_2_frame2	-	-	Q00013_S0__Q8NEV4_S1__AF1:A:B	27.1067
-	MPP1	MPP1	-	-	-	STK25_1_frame1	STK25_1_frame1	-	-	Q00013_S0__Q8NEV4_S1__AF1:A:B	27.1067
-	MPP1	MPP1	-	-	-	STK25_3_frame1	STK25_3_frame1	-	-	Q00013_S0__Q8NEV4_S1__AF1:A:B	26.9087
-	MPP1	MPP1	-	-	-	ANKRD50_2_frame1	ANKRD50_2_frame1	-	-	O14936_S2__Q8WXE0_S0__AFMM5:A:B	0.0591
-	BIK	BIK	-	-	-	BCL2L1_1_frame1	BCL2L1_1_frame1	-	-	Q13323_S0__Q16548_S0__AFMM2:A:B	39.617
-	BIK	BIK	-	-	-	FATE1	FATE1	-	-	Q13323_S0__Q969F0_S0__AF1:A:B	1.7745
-	TRAF1	TRAF1	-	-	-	TRAF1	TRAF1	-	-	O00463_S0__Q13114_S0__AFMM2:A:B	107.482
-	TRAF1	TRAF1	-	-	-	TRAF4	TRAF4	-	-	O00463_S0__Q13114_S0__AFMM2:A:B	119.731
-	TRAF1	TRAF1	-	-	-	STK25_3_frame1	STK25_3_frame1	-	-	Q6P0Q8_S1__Q9Y4K3_S0__AFMM1:B:A	32.4621
-	TRAF1	TRAF1	-	-	-	STK25_2_frame2	STK25_2_frame2	-	-	Q99759_S0__Q9Y4K3_S0__AFMM2:B:A	12.276
-	TRAF1	TRAF1	-	-	-	STK25_1_frame1	STK25_1_frame1	-	-	Q99759_S0__Q9Y4K3_S0__AFMM2:B:A	13.3619
-	FCHO1	FCHO1	-	-	-	FCHO1	FCHO1	-	-	2V0O:A:B	341.394
-	FCHO1	FCHO1	-	-	-	NCF2_3_frame1	NCF2_3_frame1	-	-	Q0JRZ9_S0__Q15811_S2__AFMM2:A:B	8.3304
-	FCHO1	FCHO1	-	-	-	SORBS3	SORBS3	-	-	Q0JRZ9_S0__Q15811_S2__AFMM2:A:B	80.5729
-	FCHO1	FCHO1	-	-	-	KCNIP4	KCNIP4	-	-	P61601_S0__Q9BQI5_S0__AF1:B:A	9.2856
-	ANKRD50_2_frame1	ANKRD50_2_frame1	-	-	-	BCL2L1_1_frame1	BCL2L1_1_frame1	-	-	4K5A:B:A	79.6714
-	ANKRD50_2_frame1	ANKRD50_2_frame1	-	-	-	STK25_2_frame2	STK25_2_frame2	-	-	1BLX:B:A	53.1966
-	ANKRD50_2_frame1	ANKRD50_2_frame1	-	-	-	REL	REL	-	-	Q04864_S0__Q15653_S0__AFMM1:B:A	48.0304
-	ANKRD50_2_frame1	ANKRD50_2_frame1	-	-	-	LCK_2_frame1	LCK_2_frame1	-	-	P00533_S2__Q9ULH0_S1__AF3:B:A	13.2557
-	ANKRD50_2_frame1	ANKRD50_2_frame1	-	-	-	LCK_1_frame1	LCK_1_frame1	-	-	P00533_S2__Q9ULH0_S1__AF3:B:A	13.2557
-	E2F6_3_frame3	E2F6_3_frame3	-	-	-	TFDP2	TFDP2	-	-	Q01094_S0__Q14186_S0__AFMM1:A:B	249.633
-	E2F6_3_frame3	E2F6_3_frame3	-	-	-	TFDP1	TFDP1	-	-	Q01094_S0__Q14186_S0__AFMM1:A:B	249.583
-	E2F6_3_frame3	E2F6_3_frame3	-	-	-	E2F6_3_frame3	E2F6_3_frame3	-	-	O00716_S0__O75461_S0__AFMM3:B:A	89.194
-	E2F6_3_frame3	E2F6_3_frame3	-	-	-	E2F6_1_frame1	E2F6_1_frame1	-	-	O00716_S0__O75461_S0__AFMM3:A:B	82.9861
-	E2F6_3_frame3	E2F6_3_frame3	-	-	-	EHMT2	EHMT2	-	-	O75461_S0__Q96KQ7_S1__AFMM4:A:B	5.9843
-	SRSF11	SRSF11	-	-	-	PUF60_ORF2	PUF60_ORF2	-	-	Q05519_S0__Q9UHX1_S0__AFMM3:A:B	22.7032
-	SRSF11	SRSF11	-	-	-	PUF60_ORF1	PUF60_ORF1	-	-	Q05519_S0__Q9UHX1_S0__AFMM3:A:B	22.7032
-	SRSF11	SRSF11	-	-	-	PUF60_ORF3	PUF60_ORF3	-	-	Q05519_S0__Q9UHX1_S0__AFMM3:A:B	25.8702
-	SRSF11	SRSF11	-	-	-	RBM39	RBM39	-	-	Q05519_S0__Q14498_S0__AFMM3:A:B	9.9006
-	FGA_2_frame1	FGA_2_frame1	-	-	-	FGA_5_frame1	FGA_5_frame1	-	-	1M1J:D:A	0.0197
-	FGA_2_frame1	FGA_2_frame1	-	-	-	FGA_2_frame1	FGA_2_frame1	-	-	1M1J:D:A	0.0197
-	BAG1_1_frame1	BAG1_1_frame1	-	-	-	HSPA8	HSPA8	-	-	5AQV:B:A	20.9742
-	BAG1_1_frame1	BAG1_1_frame1	-	-	-	BAG1_1_frame1	BAG1_1_frame1	-	-	5AQR_AU:D:B	6.84
-	RXRB_4_frame2	RXRB_4_frame2	-	-	-	RXRB_1_frame1	RXRB_1_frame1	-	-	P13056_S0__P49116_S0__AFMM1:A:B	99.5126
-	RXRB_4_frame2	RXRB_4_frame2	-	-	-	RXRB_2_frame1	RXRB_2_frame1	-	-	P13056_S0__P49116_S0__AFMM1:A:B	99.5126
-	RXRB_4_frame2	RXRB_4_frame2	-	-	-	RXRB_4_frame2	RXRB_4_frame2	-	-	P13056_S0__P49116_S0__AFMM1:A:B	98.2242
-	RXRB_4_frame2	RXRB_4_frame2	-	-	-	L3MBTL3	L3MBTL3	-	-	P41235_S0__Q05BQ5_S0__AF1:A:B	1.4292
-	RXRB_4_frame2	RXRB_4_frame2	-	-	-	ZKSCAN4_1_frame1	ZKSCAN4_1_frame1	-	-	P08047_S0__P41235_S0__AF5:B:A	19.4837
-	RBM39	RBM39	-	-	-	ZGPAT_2_frame1	ZGPAT_2_frame1	-	-	O75940_S0__Q14498_S0__AFMM2:B:A	22.559
-	RBM39	RBM39	-	-	-	FOXM1_ORF1	FOXM1_ORF1	-	-	Q16676_S0__Q9H0Z9_S0__AFMM2:B:A	2.9732
-	RBM39	RBM39	-	-	-	FOXM1_ORF2	FOXM1_ORF2	-	-	Q16676_S0__Q9H0Z9_S0__AFMM2:B:A	2.9732
-	MEOX1	MEOX1	-	-	-	PPP1R12B_1_frame1	PPP1R12B_1_frame1	-	-	O60902_S0__Q6P6B7_S0__AFMM2:A:B	21.2974
-	MEOX1	MEOX1	-	-	-	NR1H3	NR1H3	-	-	Q92731_S0__Q96QS3_S0__AFMM1:B:A	18.2183
-	MEOX1	MEOX1	-	-	-	RXRB_1_frame1	RXRB_1_frame1	-	-	Q92731_S0__Q96QS3_S0__AFMM1:B:A	6.1988
-	MEOX1	MEOX1	-	-	-	RXRB_2_frame1	RXRB_2_frame1	-	-	Q92731_S0__Q96QS3_S0__AFMM1:B:A	6.1988
-	MEOX1	MEOX1	-	-	-	RXRB_4_frame2	RXRB_4_frame2	-	-	Q92731_S0__Q96QS3_S0__AFMM1:B:A	13.8121
-	ZGPAT_2_frame1	ZGPAT_2_frame1	-	-	-	PUF60_ORF3	PUF60_ORF3	-	-	O75940_S0__Q9UHX1_S0__AFMM1:A:B	13.226
-	PUF60_ORF1	PUF60_ORF1	-	-	-	PUF60_ORF2	PUF60_ORF2	-	-	7Q8A_AU:A:B	26.8348
-	PUF60_ORF1	PUF60_ORF1	-	-	-	PUF60_ORF1	PUF60_ORF1	-	-	7Z3X_AU:A:B	16.9627
-	PUF60_ORF1	PUF60_ORF1	-	-	-	PUF60_ORF3	PUF60_ORF3	-	-	7Q8A_AU:A:B	31.5966
-	PUF60_ORF1	PUF60_ORF1	-	-	-	DDX39B	DDX39B	-	-	2J0S:D:A	7.4322
-	PUF60_ORF1	PUF60_ORF1	-	-	-	DDX39A	DDX39A	-	-	2J0S:D:A	7.4322
-	DDX39B	DDX39B	-	-	-	ANKRD50_1_frame1	ANKRD50_1_frame1	-	-	7DDX:B:A	60.8435
-	DDX39B	DDX39B	-	-	-	PPP1R12B_2_frame1	PPP1R12B_2_frame1	-	-	7DDX:B:A	61.7893
-	ETV6	ETV6	-	-	-	POGZ	POGZ	-	-	Q06546_S0__Q7Z3K3_S1__AFMM3:A:B	70.6021
-	JMJD5_3_frame1	JMJD5_3_frame1	-	-	-	LCK_1_frame1	LCK_1_frame1	-	-	P04626_S2__Q9H9V9_S0__AF2:B:A	17.2059
-	JMJD5_3_frame1	JMJD5_3_frame1	-	-	-	LCK_3_frame1	LCK_3_frame1	-	-	P04626_S2__Q9H9V9_S0__AF2:B:A	0.0166
-	JMJD5_3_frame1	JMJD5_3_frame1	-	-	-	CDK20_1_frame1	CDK20_1_frame1	-	-	P04626_S2__Q9H9V9_S0__AF2:B:A	0.0166
-	JMJD5_3_frame1	JMJD5_3_frame1	-	-	-	EHMT2	EHMT2	-	-	Q96KQ7_S1__Q9H9V9_S0__AF4:B:A	9.5032
-	BCL2L1_3_frame1	BCL2L1_3_frame1	-	-	-	BCL2L1_2_frame1	BCL2L1_2_frame1	-	-	6UVC:A:B	102.508
-	BCL2L1_3_frame1	BCL2L1_3_frame1	-	-	-	BCL2L1_3_frame1	BCL2L1_3_frame1	-	-	6UVC:B:A	99.3709
-	BCL2L1_3_frame1	BCL2L1_3_frame1	-	-	-	BCL2L1_1_frame1	BCL2L1_1_frame1	-	-	6UVC:A:B	102.508
-	BCL2L1_3_frame1	BCL2L1_3_frame1	-	-	-	TP53	TP53	-	-	2MEJ:A:B	56.2186
-	BCL2L1_3_frame1	BCL2L1_3_frame1	-	-	-	BAD	BAD	-	-	Q07817_S0__Q92934_S0__AF1:A:B	23.7829
-	FHL5	FHL5	-	-	-	ZNF688_4_frame1	ZNF688_4_frame1	-	-	Q9UK10_S0__Q9UK13_S0__AF3:A:B	40.1522
-	FHL5	FHL5	-	-	-	EMILIN1	EMILIN1	-	-	Q5TD97_S0__Q96A83_S0__AF:A:B	15.7913
-	FHL5	FHL5	-	-	-	IKZF3	IKZF3	-	-	Q05516_S0__Q14192_S0__AF3:B:A	2.0181
-	FHL5	FHL5	-	-	-	MAPK7	MAPK7	-	-	O96017_S0__Q13643_S0__AF:B:A	22.5283
-	FHL5	FHL5	-	-	-	CAMK2D	CAMK2D	-	-	O96017_S0__Q13643_S0__AF:B:A	22.5283
-	VPS52	VPS52	-	-	-	CDX4	CDX4	-	-	P09067_S0__Q8N1B4_S0__AF3:B:A	12.8796
-	VPS52	VPS52	-	-	-	MEOX1	MEOX1	-	-	P09067_S0__Q8N1B4_S0__AF3:B:A	12.8796
-	VPS52	VPS52	-	-	-	DLX3	DLX3	-	-	P09067_S0__Q8N1B4_S0__AF3:B:A	12.8796
-	VPS52	VPS52	-	-	-	MEOX2	MEOX2	-	-	P09067_S0__Q8N1B4_S0__AF3:B:A	12.8796
-	VPS52	VPS52	-	-	-	ZKSCAN4_1_frame1	ZKSCAN4_1_frame1	-	-	Q14119_S0__Q8N1B4_S0__AF:B:A	10.9753
-	SORBS3	SORBS3	-	-	-	FCHO1	FCHO1	-	-	Q0JRZ9_S0__Q15811_S2__AFMM2:B:A	80.5729
-	SORBS3	SORBS3	-	-	-	P14778	P14778	P14778	-	P14778_S0__P15498_S2__AFMM2:B:A	32.7211
-	SORBS3	SORBS3	-	-	-	P27930	P27930	P27930	-	P14778_S0__P15498_S2__AFMM2:B:A	30.374
-	SORBS3	SORBS3	-	-	-	IRAK4_1_frame1	IRAK4_1_frame1	-	-	P80192_S0__Q5TCX8_S0__AF2:B:A	40.3368
-	SORBS3	SORBS3	-	-	-	ZSCAN20	ZSCAN20	-	-	P15498_S2__Q8N720_S0__AF2:A:B	1.4681
-	KHDRBS2	KHDRBS2	-	-	-	KHDRBS2	KHDRBS2	-	-	5ELT:A:B	128.885
-	KHDRBS2	KHDRBS2	-	-	-	KHDRBS3	KHDRBS3	-	-	5ELT:A:B	137.525
-	KHDRBS2	KHDRBS2	-	-	-	AKT1_1_frame1	AKT1_1_frame1	-	-	O14578_S1__Q96PU8_S0__AFMM3:B:A	10.5124
-	KHDRBS2	KHDRBS2	-	-	-	STK25_3_frame1	STK25_3_frame1	-	-	O14578_S1__Q96PU8_S0__AFMM3:B:A	3.012
-	LAMB3_1_frame1	LAMB3_1_frame1	-	-	-	LAMB3_1_frame1	LAMB3_1_frame1	-	-	Q13751_S1__Q13753_S1__AFMM5:B:A	69.3501
-	LAMB3_1_frame1	LAMB3_1_frame1	-	-	-	NOTCH2NL	NOTCH2NL	-	-	P55268_S3__Q13753_S1__AFMM2:B:A	53.7751
-	LAMB3_1_frame1	LAMB3_1_frame1	-	-	-	EFEMP2	EFEMP2	-	-	O00548_S0__Q04721_S2__AFMM2:A:B	55.4338
-	LAMB3_1_frame1	LAMB3_1_frame1	-	-	-	TMEM67_3_frame1	TMEM67_3_frame1	-	-	P55268_S2__Q9Y6N6_S2__AFMM2:A:B	29.8258
-	LAMB3_1_frame1	LAMB3_1_frame1	-	-	-	CFP_2_frame1	CFP_2_frame1	-	-	O00634_S0__Q8IZJ1_S1__AFMM2:A:B	27.2898
-	HMG20A	HMG20A	-	-	-	PHF21B_2_frame1	PHF21B_2_frame1	-	-	Q96BD5_S0__Q9NP66_S0__AFMM2:B:A	57.087
-	HMG20A	HMG20A	-	-	-	PHF21B_1_frame1	PHF21B_1_frame1	-	-	Q96BD5_S0__Q9NP66_S0__AFMM2:B:A	74.5254
-	HMG20A	HMG20A	-	-	-	RCOR3	RCOR3	-	-	Q8IZ40_S0__Q9P0W2_S0__AFMM3:B:A	61.482
-	ZNF688_1_frame1	ZNF688_1_frame1	-	-	-	ZNF471	ZNF471	-	-	O43309_S0__Q9Y5A6_S0__AFMM3:B:A	104.803
-	ZNF688_1_frame1	ZNF688_1_frame1	-	-	-	ZNF341_ORF1	ZNF341_ORF1	-	-	O43345_S2__Q05481_S2__AF:A:B	76.2466
-	ZNF688_1_frame1	ZNF688_1_frame1	-	-	-	SP4	SP4	-	-	O95125_S0__P17028_S0__AFMM2:A:B	31.3906
-	ZNF688_1_frame1	ZNF688_1_frame1	-	-	-	ZNF688_1_frame1	ZNF688_1_frame1	-	-	Q6ZMS7_S0__Q8TD17_S0__AFMM1:B:A	79.1672
-	ZNF688_1_frame1	ZNF688_1_frame1	-	-	-	ZNF688_4_frame1	ZNF688_4_frame1	-	-	Q6ZMS7_S0__Q8TD17_S0__AFMM1:A:B	89.7839
-	PRMT2_1_frame1	PRMT2_1_frame1	-	-	-	NCK1_2_frame1	NCK1_2_frame1	-	-	7PVW:A:B	104.068
-	PRMT2_1_frame1	PRMT2_1_frame1	-	-	-	LCK_3_frame1	LCK_3_frame1	-	-	9GHK:B:A	12.3933
-	PRMT2_1_frame1	PRMT2_1_frame1	-	-	-	NCK1_1_frame1	NCK1_1_frame1	-	-	4RTW_AU:C:A	24.2516
-	PRMT2_1_frame1	PRMT2_1_frame1	-	-	-	NCK1_3_frame1	NCK1_3_frame1	-	-	4RTW_AU:C:A	24.2516
-	PRMT2_1_frame1	PRMT2_1_frame1	-	-	-	ARRB1	ARRB1	-	-	9CX3:C:B	14.2204
-	SGTA	SGTA	-	-	-	TTC12	TTC12	-	-	2VYI_AU:B:A	5.1499
-	SGTA	SGTA	-	-	-	SGTA	SGTA	-	-	O43765_S0__Q96EQ0_S0__AFMM2:A:B	77.4607
-	SGTA	SGTA	-	-	-	DYX1C1_2_frame1	DYX1C1_2_frame1	-	-	2VYI_AU:B:A	5.1499
-	SGTA	SGTA	-	-	-	KLC3	KLC3	-	-	3KD7_AU:A:B	4.6184
-	SGTA	SGTA	-	-	-	DYX1C1_1_frame1	DYX1C1_1_frame1	-	-	O43765_S0__Q96EQ0_S0__AFMM2:A:B	59.2189
-	PNMA1	PNMA1	-	-	-	PNMA2	PNMA2	-	-	Q8ND90_S0__Q96PV4_S0__AFMM1:A:B	92.6558
-	PNMA1	PNMA1	-	-	-	PNMA1	PNMA1	-	-	Q8ND90_S0__Q96PV4_S0__AFMM1:A:B	93.351
-	PNMA1	PNMA1	-	-	-	MAGEA6	MAGEA6	-	-	P43364_S0__Q6PEW1_S0__AFMM2:B:A	10.3108
-	PNMA1	PNMA1	-	-	-	NDN_5_frame1	NDN_5_frame1	-	-	P43364_S0__Q6PEW1_S0__AFMM2:B:A	11.1115
-	PNMA1	PNMA1	-	-	-	MAGEA11	MAGEA11	-	-	P43364_S0__Q6PEW1_S0__AFMM2:B:A	0.8949
-	S100B_1_frame1	S100B_1_frame1	-	-	-	S100B	S100B	-	-	7PSQ_AU:A:E	78.9033
-	TNIP1_ORF2	TNIP1_ORF2	-	-	-	TNIP1_ORF2	TNIP1_ORF2	-	-	7EAO:B:C	7.4945
-	CA9_1_frame1	CA9_1_frame1	-	-	-	CA9_1_frame1	CA9_1_frame1	-	-	4XIW:A:G	35.5051
-	CA9_1_frame1	CA9_1_frame1	-	-	-	CA9_2_frame1	CA9_2_frame1	-	-	4KP8:B:A	23.8047
-	CA9_1_frame1	CA9_1_frame1	-	-	-	CXCR3_1_frame1	CXCR3_1_frame1	-	-	O00574_S0__Q9ULX7_S0__AF2:B:A	29.8755
-	CA9_1_frame1	CA9_1_frame1	-	-	-	CXCR3_2_frame1	CXCR3_2_frame1	-	-	O00574_S0__Q9ULX7_S0__AF2:B:A	28.5191
-	PUF60_ORF3	PUF60_ORF3	-	-	-	PUF60_ORF2	PUF60_ORF2	-	-	7Q8A_AU:B:A	30.6411
-	PUF60_ORF3	PUF60_ORF3	-	-	-	PUF60_ORF1	PUF60_ORF1	-	-	7Q8A_AU:B:A	30.6411
-	PUF60_ORF3	PUF60_ORF3	-	-	-	PUF60_ORF3	PUF60_ORF3	-	-	7Q8A_AU:B:A	34.3027
-	PUF60_ORF3	PUF60_ORF3	-	-	-	DDX39B	DDX39B	-	-	2J0S:D:A	7.4322
-	PUF60_ORF3	PUF60_ORF3	-	-	-	DDX39A	DDX39A	-	-	2J0S:D:A	7.4322
-	BCL2L1_1_frame1	BCL2L1_1_frame1	-	-	-	BCL2L1_2_frame1	BCL2L1_2_frame1	-	-	6UVC:B:A	104.804
-	BCL2L1_1_frame1	BCL2L1_1_frame1	-	-	-	BCL2L1_3_frame1	BCL2L1_3_frame1	-	-	6UVC:B:A	102.508
-	BCL2L1_1_frame1	BCL2L1_1_frame1	-	-	-	BCL2L1_1_frame1	BCL2L1_1_frame1	-	-	6UVC:B:A	104.804
-	BCL2L1_1_frame1	BCL2L1_1_frame1	-	-	-	TP53	TP53	-	-	2MEJ:A:B	56.2186
-	BCL2L1_1_frame1	BCL2L1_1_frame1	-	-	-	EHMT2	EHMT2	-	-	4K5A:A:B	37.0576
-	BANP	BANP	-	-	-	BANP_7_frame1	BANP_7_frame1	-	-	8HTX_AU:A:B	6.9115
-	BANP	BANP	-	-	-	BANP_3_frame1	BANP_3_frame1	-	-	8HTX_AU:A:B	6.9115
-	BANP	BANP	-	-	-	BANP_5_frame1	BANP_5_frame1	-	-	8HTX_AU:A:B	6.9115
-	BANP	BANP	-	-	-	BANP_1_frame1	BANP_1_frame1	-	-	8HTX_AU:A:B	6.9115
-	BANP	BANP	-	-	-	BANP_4_frame1	BANP_4_frame1	-	-	8HTX_AU:A:B	6.9115
-	SSX2IP_ORF1	SSX2IP_ORF1	-	-	-	KRT18	KRT18	-	-	P19012_S0__Q9Y2D8_S0__AFMM3:B:A	88.9974
-	SSX2IP_ORF1	SSX2IP_ORF1	-	-	-	KRT15	KRT15	-	-	P19012_S0__Q9Y2D8_S0__AFMM3:B:A	88.982
-	SSX2IP_ORF1	SSX2IP_ORF1	-	-	-	KRT33B	KRT33B	-	-	P19012_S0__Q9Y2D8_S0__AFMM3:B:A	88.9974
-	PPP3R1	PPP3R1	-	-	-	PPP3CA_2_frame1	PPP3CA_2_frame1	-	-	4ORC:B:A	151.701
-	PPP3R1	PPP3R1	-	-	-	PPP3CA_1_frame1	PPP3CA_1_frame1	-	-	4ORC:B:A	151.701
-	PPP3R1	PPP3R1	-	-	-	PPP1CB	PPP1CB	-	-	6TZ6_AU:B:A	43.3702
-	PPP3R1	PPP3R1	-	-	-	PPP3R1	PPP3R1	-	-	3AAJ:B:A	100.932
-	PPP3R1	PPP3R1	-	-	-	CAMK2D	CAMK2D	-	-	2WEL:D:A	80.6942
-	FH_7_frame1	FH_7_frame1	-	-	-	FH_1_frame1	FH_1_frame1	-	-	5F92:C:B	77.1798
-	FH_7_frame1	FH_7_frame1	-	-	-	FH_5_frame1	FH_5_frame1	-	-	3E04:D:C	0.0906
-	FH_7_frame1	FH_7_frame1	-	-	-	FH_7_frame1	FH_7_frame1	-	-	6U4O_AU:D:A	6.0871
-	TADA2A_ORF2	TADA2A_ORF2	-	-	-	TADA3	TADA3	-	-	O75478_S0__O75528_S0__AFMM5:A:B	187.558
-	EMILIN1	EMILIN1	-	-	-	EMILIN1	EMILIN1	-	-	Q07092_S2__Q96A83_S0__AFMM3:B:A	99.4065
-	EMILIN1	EMILIN1	-	-	-	FHL3	FHL3	-	-	Q5TD97_S0__Q96A83_S0__AF:B:A	15.7913
-	EMILIN1	EMILIN1	-	-	-	FHL2	FHL2	-	-	Q5TD97_S0__Q96A83_S0__AF:B:A	15.7913
-	EMILIN1	EMILIN1	-	-	-	FHL5	FHL5	-	-	Q5TD97_S0__Q96A83_S0__AF:B:A	15.7913
-	EMILIN1	EMILIN1	-	-	-	COL1A2_1_frame1	COL1A2_1_frame1	-	-	P25067_S0__Q03692_S0__AFMM4:B:A	42.5005
-	NR1H4	NR1H4	-	-	-	RXRB_4_frame2	RXRB_4_frame2	-	-	4NQA_AU:I:H	64.2608
-	NR1H4	NR1H4	-	-	-	RXRB_3_frame1	RXRB_3_frame1	-	-	4IQR_AU:F:E	61.0213
-	NR1H4	NR1H4	-	-	-	RARA_ORF1	RARA_ORF1	-	-	4NQA_AU:I:H	71.8434
-	NR1H4	NR1H4	-	-	-	RARA_ORF2	RARA_ORF2	-	-	4NQA_AU:I:H	75.1764
-	NR1H4	NR1H4	-	-	-	RARB	RARB	-	-	4NQA_AU:I:H	71.8434
-	UPP2_1_frame1	UPP2_1_frame1	-	-	-	UPP2_4_frame1	UPP2_4_frame1	-	-	2XRF_AU:B:C	39.4356
-	UPP2_1_frame1	UPP2_1_frame1	-	-	-	UPP2_3_frame1	UPP2_3_frame1	-	-	2XRF_AU:B:C	177.753
-	UPP2_1_frame1	UPP2_1_frame1	-	-	-	UPP2_2_frame1	UPP2_2_frame1	-	-	2XRF_AU:C:B	171.168
-	UPP2_1_frame1	UPP2_1_frame1	-	-	-	UPP2	UPP2	-	-	2XRF_AU:C:B	169.269
-	UPP2_1_frame1	UPP2_1_frame1	-	-	-	UPP2_1_frame1	UPP2_1_frame1	-	-	2XRF_AU:C:B	169.269
-	CLCN2_1_frame1	CLCN2_1_frame1	-	-	-	CLCN2_3_frame1	CLCN2_3_frame1	-	-	8TA5:A:B	9.4558
-	CLCN2_1_frame1	CLCN2_1_frame1	-	-	-	CLCN2_2_frame1	CLCN2_2_frame1	-	-	7XF5:B:A	10.813
-	CLCN2_1_frame1	CLCN2_1_frame1	-	-	-	CLCN2_4_frame1	CLCN2_4_frame1	-	-	7XF5:A:B	22.6455
-	CLCN2_1_frame1	CLCN2_1_frame1	-	-	-	CLCN2_1_frame1	CLCN2_1_frame1	-	-	8TA5:B:A	20.6022
-	CEP76	CEP76	-	-	-	ZKSCAN4_1_frame1	ZKSCAN4_1_frame1	-	-	Q14119_S0__Q8TAP6_S0__AF:B:A	19.7905
-	CEP76	CEP76	-	-	-	ZSCAN20	ZSCAN20	-	-	Q8TAP6_S0__Q9HBE1_S0__AF5:A:B	16.0877
-	CEP76	CEP76	-	-	-	ZNF483	ZNF483	-	-	Q8TAP6_S0__Q9HBE1_S0__AF5:A:B	22.9812
-	CEP76	CEP76	-	-	-	ZBTB7B	ZBTB7B	-	-	Q8TAP6_S0__Q9HBE1_S0__AF5:A:B	22.9812
-	EFCAB4A	EFCAB4A	-	-	-	EFCAB4A	EFCAB4A	-	-	6PSD_AU:G:O	5.3598
-	RBM12	RBM12	-	-	-	RBM12	RBM12	-	-	4QU7_AU:B:A	4.2742
-	ZNF471	ZNF471	-	-	-	ZBTB1	ZBTB1	-	-	P41182_S0__Q13105_S0__AFMM3:A:B	143.786
-	ZNF471	ZNF471	-	-	-	ZKSCAN4_3_frame1	ZKSCAN4_3_frame1	-	-	O43309_S0__Q9Y5A6_S0__AFMM3:A:B	75.8335
-	ZNF471	ZNF471	-	-	-	FHL5	FHL5	-	-	Q9UK10_S0__Q9UK13_S0__AF3:B:A	40.3841
-	ZNF471	ZNF471	-	-	-	CCNDBP1	CCNDBP1	-	-	O95273_S0__Q12901_S0__AFMM2:B:A	124.753
-	ZNF471	ZNF471	-	-	-	ZNF688_2_frame1	ZNF688_2_frame1	-	-	P17040_S0__Q96IT1_S0__AF2:A:B	93.3588
-	GRAMD3	GRAMD3	-	-	-	GRAMD3	GRAMD3	-	-	Q8IUY3_S0__Q96HH9_S0__AFMM2:B:A	23.272
-	PHF21B_1_frame1	PHF21B_1_frame1	-	-	-	STK25_1_frame1	STK25_1_frame1	-	-	Q12873_S1__Q8NEV1_S0__AFMM4:A:B	20.722
-	FATE1	FATE1	-	-	-	BIK	BIK	-	-	Q13323_S0__Q969F0_S0__AF1:B:A	1.7745
-	RXRB_3_frame1	RXRB_3_frame1	-	-	-	RARB	RARB	-	-	4NQA_AU:I:H	73.3586
-	RXRB_3_frame1	RXRB_3_frame1	-	-	-	RXRB_1_frame1	RXRB_1_frame1	-	-	P13056_S0__P49116_S0__AFMM1:B:A	83.1568
-	RXRB_3_frame1	RXRB_3_frame1	-	-	-	RXRB_2_frame1	RXRB_2_frame1	-	-	P13056_S0__P49116_S0__AFMM1:B:A	83.1568
-	RXRB_3_frame1	RXRB_3_frame1	-	-	-	RXRB_4_frame2	RXRB_4_frame2	-	-	P13056_S0__P49116_S0__AFMM1:B:A	97.5428
-	RXRB_3_frame1	RXRB_3_frame1	-	-	-	L3MBTL3	L3MBTL3	-	-	P41235_S0__Q05BQ5_S0__AF1:A:B	1.4292
-	LMBR1L_1_frame1	LMBR1L_1_frame1	-	-	-	RINT1	RINT1	-	-	Q6NUQ1_S0__Q6UX01_S0__AF4:B:A	24.9397
-	MCM7_1_frame1	MCM7_1_frame1	-	-	-	MCM7_1_frame1	MCM7_1_frame1	-	-	9E2Y:6:2	161.746
-	MCM7_1_frame1	MCM7_1_frame1	-	-	-	MCM7_2_frame1	MCM7_2_frame1	-	-	5V8F:3:7	36.3528
-	MCM7_1_frame1	MCM7_1_frame1	-	-	-	GINS3_1_frame1	GINS3_1_frame1	-	-	6RAX:3:M	60.2368
-	MCM7_1_frame1	MCM7_1_frame1	-	-	-	GINS3_2_frame1	GINS3_2_frame1	-	-	6RAX:5:M	48.5218
-	MCM7_1_frame1	MCM7_1_frame1	-	-	-	E2F6_3_frame3	E2F6_3_frame3	-	-	O00716_S0__P33991_S0__AFMM2:B:A	34.0597
-	PPP3CA_2_frame1	PPP3CA_2_frame1	-	-	-	PPP3R1	PPP3R1	-	-	4ORC:A:B	152.882
-	PPP3CA_2_frame1	PPP3CA_2_frame1	-	-	-	KCNIP4	KCNIP4	-	-	9NXN:A:B	117.462
-	PPP3CA_2_frame1	PPP3CA_2_frame1	-	-	-	PPP1CB	PPP1CB	-	-	P16298_S0__Q08209_S0__AFMM2:A:B	59.0511
-	PPP3CA_2_frame1	PPP3CA_2_frame1	-	-	-	PPP3CA_2_frame1	PPP3CA_2_frame1	-	-	P16298_S0__P48454_S0__AFMM1:A:B	111.498
-	PPP3CA_2_frame1	PPP3CA_2_frame1	-	-	-	PPP3CA_1_frame1	PPP3CA_1_frame1	-	-	P16298_S0__P48454_S0__AFMM1:A:B	111.498
-	MAPK7	MAPK7	-	-	-	PLK4	PLK4	-	-	6QAV:B:A	161.017
-	MAPK7	MAPK7	-	-	-	LCK_3_frame1	LCK_3_frame1	-	-	6QAU_AU:C:B	97.9359
-	MAPK7	MAPK7	-	-	-	MNAT1_1_frame1	MNAT1_1_frame1	-	-	P50613_S0__P51948_S0__AFMM1:A:B	66.7727
-	MAPK7	MAPK7	-	-	-	CCND2	CCND2	-	-	7SJ3:A:B	95.6034
-	MAPK7	MAPK7	-	-	-	PPP3R1	PPP3R1	-	-	9M6G:A:B	29.0443
-	KRT19	KRT19	-	-	-	NEFL_2_frame1	NEFL_2_frame1	-	-	P07197_S0__P08670_S0__AFMM5:B:A	277.494
-	KRT19	KRT19	-	-	-	KRT19	KRT19	-	-	Q7Z3Y8_S0__Q9NSB2_S0__AFMM5:A:B	218.608
-	KRT19	KRT19	-	-	-	KRT18	KRT18	-	-	Q7Z3Y8_S0__Q9NSB2_S0__AFMM5:B:A	234.469
-	KRT19	KRT19	-	-	-	KRT15	KRT15	-	-	Q7Z3Y8_S0__Q9NSB2_S0__AFMM5:B:A	223.825
-	KRT19	KRT19	-	-	-	KRT33B	KRT33B	-	-	A0A140TA62_S0__Q7Z3Y8_S0__AFMM5:B:A	247.183
-	RBM10	RBM10	-	-	-	CAMK2D	CAMK2D	-	-	P52756_S0__Q13523_S0__AFMM2:A:B	14.6451
-	RBM10	RBM10	-	-	-	STK25_3_frame1	STK25_3_frame1	-	-	P52756_S0__Q13523_S0__AFMM2:A:B	11.5127
-	RBM10	RBM10	-	-	-	CDK5_2_frame1	CDK5_2_frame1	-	-	P52756_S0__Q13523_S0__AFMM2:A:B	2.7474
-	RBM10	RBM10	-	-	-	RBM39	RBM39	-	-	P52756_S0__Q14498_S0__AFMM4:A:B	53.0449
-	MNAT1_1_frame1	MNAT1_1_frame1	-	-	-	CDK20_1_frame1	CDK20_1_frame1	-	-	P50613_S0__P51948_S0__AFMM1:B:A	49.7721
-	MNAT1_1_frame1	MNAT1_1_frame1	-	-	-	CAMK2D	CAMK2D	-	-	P50613_S0__P51948_S0__AFMM1:B:A	68.2492
-	MNAT1_1_frame1	MNAT1_1_frame1	-	-	-	CDK5_2_frame1	CDK5_2_frame1	-	-	P50613_S0__P51948_S0__AFMM1:B:A	49.7721
-	MNAT1_1_frame1	MNAT1_1_frame1	-	-	-	STK25_2_frame2	STK25_2_frame2	-	-	9HJ0_AU:H:J	35.0937
-	MNAT1_1_frame1	MNAT1_1_frame1	-	-	-	STK25_1_frame1	STK25_1_frame1	-	-	9HIY:H:J	37.8605
-	CEP63	CEP63	-	-	-	NEFL	NEFL	-	-	O76014_S0__Q96MT8_S0__AFMM5:B:A	85.4659
-	CEP63	CEP63	-	-	-	DES	DES	-	-	O76014_S0__Q96MT8_S0__AFMM5:B:A	85.4659
-	CEP63	CEP63	-	-	-	LZTS2	LZTS2	-	-	Q96MT8_S0__Q9BRK4_S0__AFMM2:A:B	118.653
-	PLK4	PLK4	-	-	-	AKT1_1_frame1	AKT1_1_frame1	-	-	2JAM_AU:A:B	162.003
-	PLK4	PLK4	-	-	-	CDK5_1_frame1	CDK5_1_frame1	-	-	6QAV:A:B	155.197
-	PLK4	PLK4	-	-	-	STK25_3_frame1	STK25_3_frame1	-	-	8GUW:A:C	133.297
-	PLK4	PLK4	-	-	-	PLK4	PLK4	-	-	2JAM_AU:A:B	167.662
-	PLK4	PLK4	-	-	-	CDK5_2_frame1	CDK5_2_frame1	-	-	6QAV:A:B	149.864
-	FH_5_frame1	FH_5_frame1	-	-	-	FH_1_frame1	FH_1_frame1	-	-	5F92:C:B	55.3292
-	FH_5_frame1	FH_5_frame1	-	-	-	FH_7_frame1	FH_7_frame1	-	-	3E04:C:D	0.0906
-	FH_5_frame1	FH_5_frame1	-	-	-	FH_5_frame1	FH_5_frame1	-	-	5F92:D:A	5.4165
-	BHLHE40	BHLHE40	-	-	-	EHMT2	EHMT2	-	-	O14503_S0__Q15047_S2__AF:A:B	18.9352
-	BHLHE40	BHLHE40	-	-	-	LCK_3_frame1	LCK_3_frame1	-	-	O14503_S0__Q01974_S2__AFMM3:A:B	19.9249
-	BHLHE40	BHLHE40	-	-	-	BHLHE40	BHLHE40	-	-	O14503_S0__Q9C0J9_S0__AFMM4:B:A	101.652
-	BHLHE40	BHLHE40	-	-	-	TCF12	TCF12	-	-	P15923_S0__Q9HCC6_S0__AFMM1:B:A	19.0441
-	BHLHE40	BHLHE40	-	-	-	MXI1_1_frame1	MXI1_1_frame1	-	-	Q05195_S0__Q9NQ87_S0__AFMM5:B:A	43.664
-	DIABLO_2_frame1	DIABLO_2_frame1	-	-	-	DIABLO_2_frame1	DIABLO_2_frame1	-	-	4TX5:A:B	70.1175
-	DIABLO_2_frame1	DIABLO_2_frame1	-	-	-	DIABLO_1_frame1	DIABLO_1_frame1	-	-	4TX5:B:A	51.5549
-	DLX3	DLX3	-	-	-	LCK_1_frame1	LCK_1_frame1	-	-	P14616_S2__P50222_S0__AFMM2:B:A	25.9352
-	DLX3	DLX3	-	-	-	PPP1R12B_1_frame1	PPP1R12B_1_frame1	-	-	O60902_S0__Q6P6B7_S0__AFMM2:A:B	21.2974
-	DLX3	DLX3	-	-	-	AKAP10_3_frame1	AKAP10_3_frame1	-	-	P49639_S0__Q9UGC6_S0__AFMM5:A:B	2.108
-	DLX3	DLX3	-	-	-	EFEMP2	EFEMP2	-	-	P49639_S0__Q6UXH1_S0__AF4:A:B	4.8714
-	DLX3	DLX3	-	-	-	ZSCAN20	ZSCAN20	-	-	P31273_S0__Q8IZ26_S0__AF1:A:B	4.3336
-	HNRPLL_1_frame1	HNRPLL_1_frame1	-	-	-	HNRPLL_2_frame1	HNRPLL_2_frame1	-	-	3ZZY_AU:B:A	3.642
-	HNRPLL_1_frame1	HNRPLL_1_frame1	-	-	-	HNRPLL_1_frame1	HNRPLL_1_frame1	-	-	3ZZY_AU:B:A	3.642
-	HNRPLL_1_frame1	HNRPLL_1_frame1	-	-	-	HNRPLL_3_frame1	HNRPLL_3_frame1	-	-	3ZZY_AU:B:A	3.642
-	CSGALNACT2_2_frame1	CSGALNACT2_2_frame1	-	-	-	CSGALNACT2_3_frame1	CSGALNACT2_3_frame1	-	-	Q8N6G5_S0__Q8TDX6_S0__AFMM3:B:A	27.452
-	CSGALNACT2_2_frame1	CSGALNACT2_2_frame1	-	-	-	CSGALNACT2_2_frame1	CSGALNACT2_2_frame1	-	-	Q8N6G5_S0__Q8TDX6_S0__AFMM3:B:A	27.6395
-	ACTN1	ACTN1	-	-	-	LDB3_2_frame1	LDB3_2_frame1	-	-	O00151_S0__O43707_S2__AFMM2:B:A	79.4022
-	ACTN1	ACTN1	-	-	-	LDB3_3_frame1	LDB3_3_frame1	-	-	O00151_S0__O43707_S2__AFMM2:B:A	50.0935
-	ACTN1	ACTN1	-	-	-	CDX4	CDX4	-	-	P12814_S2__Q96QS3_S0__AF2:A:B	7.254
-	ACTN1	ACTN1	-	-	-	CRX	CRX	-	-	A8MU46_S0__O95076_S0__AF:A:B	10.7336
-	ACTN1	ACTN1	-	-	-	MEOX1	MEOX1	-	-	P12814_S2__Q96QS3_S0__AF2:A:B	7.254
-	COG7_1_frame1	COG7_1_frame1	-	-	-	COG5	COG5	-	-	P83436_S1__Q9UP83_S0__AF:A:B	53.7625
-	PPP1R12B_2_frame1	PPP1R12B_2_frame1	-	-	-	PPP1R12B_1_frame1	PPP1R12B_1_frame1	-	-	4QFV:B:A	80.0548
-	PPP1R12B_2_frame1	PPP1R12B_2_frame1	-	-	-	PPP1R12B_2_frame1	PPP1R12B_2_frame1	-	-	4QFV:B:A	68.4392
-	PPP1R12B_2_frame1	PPP1R12B_2_frame1	-	-	-	ANKRD50_2_frame1	ANKRD50_2_frame1	-	-	5HRY_AU:D:C	52.4613
-	PPP1R12B_2_frame1	PPP1R12B_2_frame1	-	-	-	CDK20_3_frame1	CDK20_3_frame1	-	-	1G3N:B:A	64.1968
-	PPP1R12B_2_frame1	PPP1R12B_2_frame1	-	-	-	CDK20_4_frame1	CDK20_4_frame1	-	-	1G3N:B:A	64.1968
-	S100A1	S100A1	-	-	-	S100A2	S100A2	-	-	7PSQ:E:A	89.3079
-	S100A1	S100A1	-	-	-	S100B_1_frame1	S100B_1_frame1	-	-	7PSQ:E:A	84.8713
-	S100A1	S100A1	-	-	-	S100A1	S100A1	-	-	7PSQ:E:A	86.9705
-	S100A1	S100A1	-	-	-	S100A1_1_frame1	S100A1_1_frame1	-	-	7PSQ:E:A	86.9705
-	S100A1	S100A1	-	-	-	S100B	S100B	-	-	7PSQ:E:A	84.8713
-	KLHL6	KLHL6	-	-	-	IKZF3	IKZF3	-	-	P41182_S0__Q53G59_S0__AFMM5:B:A	83.8718
-	KLHL6	KLHL6	-	-	-	ZNF341_ORF2	ZNF341_ORF2	-	-	Q3SY56_S0__Q6TFL4_S0__AF3:B:A	17.2373
-	KLHL6	KLHL6	-	-	-	ZNF688_1_frame1	ZNF688_1_frame1	-	-	Q3SY56_S0__Q6TFL4_S0__AF3:B:A	17.2373
-	KLHL6	KLHL6	-	-	-	ZNF471	ZNF471	-	-	P41182_S0__Q53G59_S0__AFMM5:B:A	80.7713
-	KLHL6	KLHL6	-	-	-	ZNF341_ORF1	ZNF341_ORF1	-	-	Q3SY56_S0__Q6TFL4_S0__AF3:B:A	17.2373
-	RNF40_1_frame1	RNF40_1_frame1	-	-	-	RNF40_1_frame1	RNF40_1_frame1	-	-	O75150_S1__Q5VTR2_S1__AFMM5:A:B	384.914
-	RNF40_1_frame1	RNF40_1_frame1	-	-	-	RNF40_2_frame1	RNF40_2_frame1	-	-	O75150_S1__Q5VTR2_S1__AFMM5:A:B	384.914
-	RNF40_1_frame1	RNF40_1_frame1	-	-	-	WAC	WAC	-	-	Q5VTR2_S1__Q9BTA9_S0__AFMM2:A:B	86.5899
-	TAX1BP1	TAX1BP1	-	-	-	TAX1BP1	TAX1BP1	-	-	5Z7A_AU:B:A	14.4384
-	TAX1BP1	TAX1BP1	-	-	-	CALCOCO2	CALCOCO2	-	-	5Z7A_AU:B:A	16.5526
-	GMPPA	GMPPA	-	-	-	GMPPA	GMPPA	-	-	7D73_AU:F:B	49.5288
-	DDX39A	DDX39A	-	-	-	DDX39B	DDX39B	-	-	5IVL:B:A	75.2935
-	DDX39A	DDX39A	-	-	-	DDX39A	DDX39A	-	-	5IVL:A:B	88.696
-	DDX39A	DDX39A	-	-	-	PUF60_ORF2	PUF60_ORF2	-	-	2J0S:A:D	7.4322
-	DDX39A	DDX39A	-	-	-	PUF60_ORF1	PUF60_ORF1	-	-	2J0S:A:D	7.4322
-	DDX39A	DDX39A	-	-	-	PUF60_ORF3	PUF60_ORF3	-	-	2J0S:A:D	7.4322
-	TFDP1	TFDP1	-	-	-	E2F6_3_frame3	E2F6_3_frame3	-	-	Q01094_S0__Q14186_S0__AFMM1:B:A	246.671
-	TFDP1	TFDP1	-	-	-	E2F6_1_frame1	E2F6_1_frame1	-	-	Q01094_S0__Q14186_S0__AFMM1:B:A	249.132
-	TFDP1	TFDP1	-	-	-	TFDP2	TFDP2	-	-	Q14186_S0__Q14188_S0__AFMM3:B:A	116.99
-	TFDP1	TFDP1	-	-	-	TFDP1	TFDP1	-	-	Q14186_S0__Q14188_S0__AFMM3:A:B	116.99
-	ZCWPW1_5_frame1	ZCWPW1_5_frame1	-	-	-	ZCWPW1_6_frame1	ZCWPW1_6_frame1	-	-	7VLN_AU:C:B	5.1987
-	ZCWPW1_5_frame1	ZCWPW1_5_frame1	-	-	-	ZCWPW1_2_frame1	ZCWPW1_2_frame1	-	-	7VLN_AU:C:B	5.1987
-	ZCWPW1_5_frame1	ZCWPW1_5_frame1	-	-	-	ZCWPW1_1_frame1	ZCWPW1_1_frame1	-	-	7VLN_AU:C:B	5.1987
-	ZCWPW1_5_frame1	ZCWPW1_5_frame1	-	-	-	ZCWPW1_4_frame1	ZCWPW1_4_frame1	-	-	7VLN_AU:C:B	5.1987
-	ZCWPW1_5_frame1	ZCWPW1_5_frame1	-	-	-	ZCWPW1_5_frame1	ZCWPW1_5_frame1	-	-	7VLN_AU:C:B	5.1987
-	HNRNPK_ORF2	HNRNPK_ORF2	-	-	-	HNRNPK_ORF1	HNRNPK_ORF1	-	-	1ZZJ:C:A	5.8764
-	HNRNPK_ORF2	HNRNPK_ORF2	-	-	-	HNRNPK_ORF2	HNRNPK_ORF2	-	-	1ZZJ:C:A	5.8764
-	MVK	MVK	-	-	-	MVK_1_frame1	MVK_1_frame1	-	-	4HAC:B:A	68.2897
-	MVK	MVK	-	-	-	MVK_2_frame1	MVK_2_frame1	-	-	4HAC:B:A	73.1428
-	MVK	MVK	-	-	-	MVK	MVK	-	-	4HAC:B:A	68.2897
-	HOMER3	HOMER3	-	-	-	HOMER3	HOMER3	-	-	Q9NSB8_S0__Q9NSC5_S0__AFMM5:A:B	136.781
-	HOMER3	HOMER3	-	-	-	SYCE1	SYCE1	-	-	Q8N0S2_S0__Q9NSB8_S0__AFMM3:B:A	45.3487
-	ACBD4_3_frame1	ACBD4_3_frame1	-	-	-	ACBD4_2_frame1	ACBD4_2_frame1	-	-	3EPY_AU:B:A	193.875
-	ACBD4_3_frame1	ACBD4_3_frame1	-	-	-	ACBD4_1_frame1	ACBD4_1_frame1	-	-	3EPY_AU:B:A	193.875
-	ACBD4_3_frame1	ACBD4_3_frame1	-	-	-	ACBD4_3_frame1	ACBD4_3_frame1	-	-	3EPY_AU:B:A	193.875
-	ACBD4_3_frame1	ACBD4_3_frame1	-	-	-	ACBD4_4_frame1	ACBD4_4_frame1	-	-	3EPY_AU:B:A	193.875
-	ACBD4_3_frame1	ACBD4_3_frame1	-	-	-	PTPRN	PTPRN	-	-	P18031_S0__Q5T8D3_S0__AFMM5:B:A	23.8312
-	AP3B1_2_frame1	AP3B1_2_frame1	-	-	-	LCK_1_frame1	LCK_1_frame1	-	-	P04626_S2__Q13367_S1__AFMM1:B:A	45.4923
-	AP3B1_2_frame1	AP3B1_2_frame1	-	-	-	LCK_3_frame1	LCK_3_frame1	-	-	P04626_S2__Q13367_S1__AFMM1:B:A	52.292
-	AP3B1_2_frame1	AP3B1_2_frame1	-	-	-	CDK20_4_frame1	CDK20_4_frame1	-	-	P04626_S2__Q13367_S1__AFMM1:B:A	28.5902
-	AP3B1_2_frame1	AP3B1_2_frame1	-	-	-	CDK20_1_frame1	CDK20_1_frame1	-	-	P04626_S2__Q13367_S1__AFMM1:B:A	25.956
-	FH_1_frame1	FH_1_frame1	-	-	-	FH_1_frame1	FH_1_frame1	-	-	5F92:D:C	226.666
-	FH_1_frame1	FH_1_frame1	-	-	-	FH_5_frame1	FH_5_frame1	-	-	5F92:B:C	54.2817
-	FH_1_frame1	FH_1_frame1	-	-	-	FH_7_frame1	FH_7_frame1	-	-	5F92:B:C	77.1798
-	PPP1R12B_1_frame1	PPP1R12B_1_frame1	-	-	-	PPP1CB	PPP1CB	-	-	1S70:B:A	119.947
-	PPP1R12B_1_frame1	PPP1R12B_1_frame1	-	-	-	PPP3CA_2_frame1	PPP3CA_2_frame1	-	-	1S70:B:A	106.317
-	PPP1R12B_1_frame1	PPP1R12B_1_frame1	-	-	-	PPP3CA_1_frame1	PPP3CA_1_frame1	-	-	1S70:B:A	106.317
-	PPP1R12B_1_frame1	PPP1R12B_1_frame1	-	-	-	EHMT2	EHMT2	-	-	5LE7_AU:A:C	15.7011
-	PPP1R12B_1_frame1	PPP1R12B_1_frame1	-	-	-	ANKRD50_1_frame1	ANKRD50_1_frame1	-	-	4QFV:B:A	105.315
-	FAM9B	FAM9B	-	-	-	FAM9B	FAM9B	-	-	4CPC:G:H	110.154
-	HOOK2	HOOK2	-	-	-	HOOK2	HOOK2	-	-	5J8E_AU:B:A	103.961
-	HOOK2	HOOK2	-	-	-	DES	DES	-	-	P04264_S0__Q96ED9_S0__AFMM3:B:A	38.5293
-	HOOK2	HOOK2	-	-	-	KRT6A_1_frame1	KRT6A_1_frame1	-	-	P04264_S0__Q96ED9_S0__AFMM3:B:A	38.5293
-	HOOK2	HOOK2	-	-	-	SDCCAG3	SDCCAG3	-	-	Q96C92_S0__Q9UJC3_S0__AFMM3:B:A	20.3758
-	SPRY2	SPRY2	-	-	-	SPRY2	SPRY2	-	-	O43597_S0__O43609_S0__AF2:A:B	2.1654
-	SPRY2	SPRY2	-	-	-	LCK_2_frame1	LCK_2_frame1	-	-	O43597_S0__P00533_S2__AFMM3:A:B	3.0354
-	SPRY2	SPRY2	-	-	-	LCK_1_frame1	LCK_1_frame1	-	-	O43597_S0__P00533_S2__AFMM3:A:B	3.0354
-	SPRY2	SPRY2	-	-	-	LCK_3_frame1	LCK_3_frame1	-	-	O43597_S0__P00533_S2__AFMM3:A:B	5.6781
-	GNMT_1_frame1	GNMT_1_frame1	-	-	-	GNMT_3_frame1	GNMT_3_frame1	-	-	3THS:B:A	119.728
-	GNMT_1_frame1	GNMT_1_frame1	-	-	-	GNMT_1_frame1	GNMT_1_frame1	-	-	3THS:B:A	116.696
-	GNMT_1_frame1	GNMT_1_frame1	-	-	-	GNMT	GNMT	-	-	3THS:B:A	116.696
-	GNMT_1_frame1	GNMT_1_frame1	-	-	-	GNMT_4_frame1	GNMT_4_frame1	-	-	3THS:A:B	109.313
-	MYOZ2	MYOZ2	-	-	-	ACTN4_1_frame1	ACTN4_1_frame1	-	-	7ANK:C:A	32.1765
-	MYOZ2	MYOZ2	-	-	-	ACTN1	ACTN1	-	-	7ANK:C:A	32.1765
-	MYOZ2	MYOZ2	-	-	-	ACTN4_4_frame3	ACTN4_4_frame3	-	-	7ANK:C:B	33.1306
-	VIPAR	VIPAR	-	-	-	VPS33B_1_frame1	VPS33B_1_frame1	-	-	Q96AX1_S0__Q9H9C1_S0__AFMM4:B:A	74.2005
-	COL1A2_1_frame1	COL1A2_1_frame1	-	-	-	COL1A2_1_frame1	COL1A2_1_frame1	-	-	P02458_S2__P25940_S2__AFMM2:A:B	323.167
-	COL1A2_1_frame1	COL1A2_1_frame1	-	-	-	COL1A2_5_frame1	COL1A2_5_frame1	-	-	P02458_S2__P25940_S2__AFMM2:A:B	279.62
-	COL1A2_1_frame1	COL1A2_1_frame1	-	-	-	CFP_2_frame1	CFP_2_frame1	-	-	P02452_S2__P58397_S2__AFMM1:A:B	15.0595
-	COL1A2_1_frame1	COL1A2_1_frame1	-	-	-	EMILIN1	EMILIN1	-	-	P25067_S0__Q03692_S0__AFMM4:A:B	42.5005
-	HSPD1_1_frame1	HSPD1_1_frame1	-	-	-	HSPD1_1_frame1	HSPD1_1_frame1	-	-	7K3Z:B:A	73.3322
-	HSPD1_1_frame1	HSPD1_1_frame1	-	-	-	HSPD1_4_frame1	HSPD1_4_frame1	-	-	5DA8_AU:C:B	25.1546
-	FXR2	FXR2	-	-	-	FXR2	FXR2	-	-	P51114_S0__Q06787_S0__AF1:B:A	67.6671
-	FXR2	FXR2	-	-	-	RXRB_1_frame1	RXRB_1_frame1	-	-	P03372_S0__P51114_S0__AFMM3:B:A	33.6189
-	FXR2	FXR2	-	-	-	RXRB_2_frame1	RXRB_2_frame1	-	-	P03372_S0__P51114_S0__AFMM3:B:A	33.6189
-	FXR2	FXR2	-	-	-	RXRB_4_frame2	RXRB_4_frame2	-	-	P03372_S0__P51114_S0__AFMM3:B:A	38.6565
-	FXR2	FXR2	-	-	-	RXRB_3_frame1	RXRB_3_frame1	-	-	P03372_S0__P51114_S0__AFMM3:B:A	33.6189
-	LCK_3_frame1	LCK_3_frame1	-	-	-	PLK4	PLK4	-	-	6QAV_AU:D:C	136.045
-	LCK_3_frame1	LCK_3_frame1	-	-	-	NCK1_2_frame1	NCK1_2_frame1	-	-	O43639_S0__P54762_S2__AFMM1:B:A	36.6426
-	LCK_3_frame1	LCK_3_frame1	-	-	-	PPP1CB	PPP1CB	-	-	8GAE:D:E	0.1386
-	LCK_3_frame1	LCK_3_frame1	-	-	-	STUB1	STUB1	-	-	8GAE:D:E	0.1386
-	LCK_3_frame1	LCK_3_frame1	-	-	-	PPP3CA_2_frame1	PPP3CA_2_frame1	-	-	8GAE:D:E	0.1386
-	PAK1IP1_1_frame1	PAK1IP1_1_frame1	-	-	-	LCK_2_frame1	LCK_2_frame1	-	-	P00533_S2__Q9NWT1_S0__AFMM3:B:A	24.4782
-	PAK1IP1_1_frame1	PAK1IP1_1_frame1	-	-	-	LCK_1_frame1	LCK_1_frame1	-	-	P00533_S2__Q9NWT1_S0__AFMM3:B:A	24.4782
-	PAK1IP1_1_frame1	PAK1IP1_1_frame1	-	-	-	LCK_3_frame1	LCK_3_frame1	-	-	P00533_S2__Q9NWT1_S0__AFMM3:B:A	24.4782
-	ARHGAP26_1_frame1	ARHGAP26_1_frame1	-	-	-	ARHGAP26_2_frame1	ARHGAP26_2_frame1	-	-	A1A4S6_S0__Q9UNA1_S0__AFMM4:B:A	206.715
-	ARHGAP26_1_frame1	ARHGAP26_1_frame1	-	-	-	ARHGAP26_1_frame1	ARHGAP26_1_frame1	-	-	A1A4S6_S0__Q9UNA1_S0__AFMM4:B:A	206.715
-	ARHGAP26_1_frame1	ARHGAP26_1_frame1	-	-	-	PSTPIP1	PSTPIP1	-	-	P14598_S0__P62993_S0__AFMM1:B:A	13.0516
-	ARHGAP26_1_frame1	ARHGAP26_1_frame1	-	-	-	CRK_2_frame1	CRK_2_frame1	-	-	5XGG_AU:F:E	7.0681
-	ARHGAP26_1_frame1	ARHGAP26_1_frame1	-	-	-	EFS	EFS	-	-	A1A4S6_S0__Q9UNA1_S0__AFMM4:B:A	262.064
-	CBLB	CBLB	-	-	-	CBLB	CBLB	-	-	2Y1M_AU:A:E	59.8176
-	CBLB	CBLB	-	-	-	EHMT2	EHMT2	-	-	Q13191_S0__Q92882_S0__AF:A:B	11.1442
-	CBLB	CBLB	-	-	-	ARHGAP26_1_frame1	ARHGAP26_1_frame1	-	-	Q13191_S0__Q92882_S0__AF:A:B	11.1442
-	CBLB	CBLB	-	-	-	LCK_2_frame1	LCK_2_frame1	-	-	P04626_S2__Q9ULV8_S0__AF:B:A	25.9653
-	CBLB	CBLB	-	-	-	LCK_1_frame1	LCK_1_frame1	-	-	P04626_S2__Q9ULV8_S0__AF:B:A	25.9653
-	SSX2IP_ORF2	SSX2IP_ORF2	-	-	-	KRT18	KRT18	-	-	P19012_S0__Q9Y2D8_S0__AFMM3:B:A	88.9974
-	SSX2IP_ORF2	SSX2IP_ORF2	-	-	-	KRT15	KRT15	-	-	P19012_S0__Q9Y2D8_S0__AFMM3:B:A	88.982
-	SSX2IP_ORF2	SSX2IP_ORF2	-	-	-	KRT33B	KRT33B	-	-	P19012_S0__Q9Y2D8_S0__AFMM3:B:A	88.9974
-	HNRPLL_3_frame1	HNRPLL_3_frame1	-	-	-	HNRPLL_2_frame1	HNRPLL_2_frame1	-	-	3ZZY_AU:B:A	3.642
-	HNRPLL_3_frame1	HNRPLL_3_frame1	-	-	-	HNRPLL_1_frame1	HNRPLL_1_frame1	-	-	3ZZY_AU:B:A	3.642
-	HNRPLL_3_frame1	HNRPLL_3_frame1	-	-	-	HNRPLL_3_frame1	HNRPLL_3_frame1	-	-	3ZZY_AU:B:A	3.642
-	GINS3_2_frame1	GINS3_2_frame1	-	-	-	MCM7_1_frame1	MCM7_1_frame1	-	-	6RAX:M:5	48.5218
-	NCK1_1_frame1	NCK1_1_frame1	-	-	-	NCK1_3_frame1	NCK1_3_frame1	-	-	5QU4_AU:D:B	158.102
-	NCK1_1_frame1	NCK1_1_frame1	-	-	-	NCK1_2_frame1	NCK1_2_frame1	-	-	5QU4_AU:D:B	154.038
-	NCK1_1_frame1	NCK1_1_frame1	-	-	-	PSTPIP1	PSTPIP1	-	-	O43639_S0__Q9NZQ3_S0__AFMM2:A:B	16.4029
-	NCK1_1_frame1	NCK1_1_frame1	-	-	-	EFS	EFS	-	-	8DGO:B:A	96.9902
-	NCK1_1_frame1	NCK1_1_frame1	-	-	-	ARHGAP26_1_frame1	ARHGAP26_1_frame1	-	-	8DGO:A:B	31.0895
-	RASSF5	RASSF5	-	-	-	STK25_2_frame2	STK25_2_frame2	-	-	Q13043_S0__Q9NS23_S0__AFMM1:B:A	92.7499
-	RASSF5	RASSF5	-	-	-	STK25_1_frame1	STK25_1_frame1	-	-	Q13188_S0__Q8WWW0_S0__AFMM1:B:A	97.3466
-	RASSF5	RASSF5	-	-	-	STK25_3_frame1	STK25_3_frame1	-	-	Q13043_S0__Q9NS23_S0__AFMM1:B:A	64.7628
-	RASSF5	RASSF5	-	-	-	RASSF5	RASSF5	-	-	Q8WWW0_S0__Q9NS23_S0__AFMM3:A:B	74.8547
-	RASSF5	RASSF5	-	-	-	AKT1_1_frame1	AKT1_1_frame1	-	-	Q9NRM7_S0__Q9NS23_S0__AFMM3:B:A	29.4459
-	CAPN3_1_frame1	CAPN3_1_frame1	-	-	-	CAPN3_7_frame1	CAPN3_7_frame1	-	-	P04632_S0__Q96L46_S0__AFMM1:A:B	97.251
-	CAPN3_1_frame1	CAPN3_1_frame1	-	-	-	CAPN3_2_frame2	CAPN3_2_frame2	-	-	P04632_S0__Q96L46_S0__AFMM1:B:A	88.3174
-	CAPN3_1_frame1	CAPN3_1_frame1	-	-	-	CAPN3_1_frame1	CAPN3_1_frame1	-	-	P04632_S0__Q96L46_S0__AFMM1:A:B	92.5464
-	CAPN3_1_frame1	CAPN3_1_frame1	-	-	-	STK25_2_frame2	STK25_2_frame2	-	-	P07384_S0__Q13177_S0__AF3:A:B	4.7923
-	CAPN3_1_frame1	CAPN3_1_frame1	-	-	-	STK25_1_frame1	STK25_1_frame1	-	-	P07384_S0__Q13177_S0__AF3:A:B	4.7923
-	VPS33B_2_frame1	VPS33B_2_frame1	-	-	-	PPFIBP2	PPFIBP2	-	-	Q86W92_S2__Q9H267_S0__AFMM5:B:A	2.2848
-	ACBD4_4_frame1	ACBD4_4_frame1	-	-	-	ACBD4_2_frame1	ACBD4_2_frame1	-	-	3EPY_AU:B:A	193.875
-	ACBD4_4_frame1	ACBD4_4_frame1	-	-	-	ACBD4_1_frame1	ACBD4_1_frame1	-	-	3EPY_AU:B:A	193.875
-	ACBD4_4_frame1	ACBD4_4_frame1	-	-	-	ACBD4_3_frame1	ACBD4_3_frame1	-	-	3EPY_AU:B:A	193.875
-	ACBD4_4_frame1	ACBD4_4_frame1	-	-	-	ACBD4_4_frame1	ACBD4_4_frame1	-	-	3EPY_AU:B:A	193.875
-	ACBD4_4_frame1	ACBD4_4_frame1	-	-	-	PTPRN	PTPRN	-	-	P18031_S0__Q5T8D3_S0__AFMM5:B:A	23.8312
-	ABI2	ABI2	-	-	-	SORBS3	SORBS3	-	-	Q96B97_S0__Q9Y5K6_S0__AFMM3:B:A	58.2798
-	ABI2	ABI2	-	-	-	MPP1	MPP1	-	-	1SEM:B:A	6.791
-	ABI2	ABI2	-	-	-	NCK1_3_frame1	NCK1_3_frame1	-	-	8DGO:A:B	54.2874
-	ABI2	ABI2	-	-	-	NCK1_2_frame1	NCK1_2_frame1	-	-	3UA7_AU:C:A	21.3397
-	ABI2	ABI2	-	-	-	PRMT2_1_frame1	PRMT2_1_frame1	-	-	3UA7_AU:C:A	12.6115
-	GNMT_4_frame1	GNMT_4_frame1	-	-	-	GNMT_3_frame1	GNMT_3_frame1	-	-	2AZT:A:B	81.9466
-	GNMT_4_frame1	GNMT_4_frame1	-	-	-	GNMT_1_frame1	GNMT_1_frame1	-	-	2AZT:A:B	79.155
-	GNMT_4_frame1	GNMT_4_frame1	-	-	-	GNMT	GNMT	-	-	2AZT:A:B	79.155
-	GNMT_4_frame1	GNMT_4_frame1	-	-	-	GNMT_4_frame1	GNMT_4_frame1	-	-	2AZT:A:B	69.6419
-	APBB1IP	APBB1IP	-	-	-	APBB1IP	APBB1IP	-	-	4KVG_AU:D:B	33.9347
-	APBB1IP	APBB1IP	-	-	-	LCK_2_frame1	LCK_2_frame1	-	-	P07949_S2__Q70E73_S0__AF:B:A	0.0894
-	APBB1IP	APBB1IP	-	-	-	LCK_1_frame1	LCK_1_frame1	-	-	P07949_S2__Q70E73_S0__AF:B:A	0.0894
-	APBB1IP	APBB1IP	-	-	-	LCK_3_frame1	LCK_3_frame1	-	-	P07949_S2__Q70E73_S0__AF:B:A	0.0894
-	RTN3	RTN3	-	-	-	STK25_3_frame1	STK25_3_frame1	-	-	Q16799_S0__Q92630_S0__AFMM4:A:B	28.7069
-	RTN3	RTN3	-	-	-	CDK5_2_frame1	CDK5_2_frame1	-	-	Q16799_S0__Q92630_S0__AFMM4:A:B	40.5563
-	RTN3	RTN3	-	-	-	LCK_2_frame1	LCK_2_frame1	-	-	P23458_S2__Q16799_S0__AF:B:A	13.7129
-	RTN3	RTN3	-	-	-	LCK_1_frame1	LCK_1_frame1	-	-	P23458_S2__Q16799_S0__AF:B:A	16.151
-	RTN3	RTN3	-	-	-	LCK_3_frame1	LCK_3_frame1	-	-	P23458_S2__Q16799_S0__AF:B:A	0.0466
-	GNMT	GNMT	-	-	-	GNMT_3_frame1	GNMT_3_frame1	-	-	3THS:B:A	119.728
-	GNMT	GNMT	-	-	-	GNMT_1_frame1	GNMT_1_frame1	-	-	3THS:B:A	116.696
-	GNMT	GNMT	-	-	-	GNMT	GNMT	-	-	3THS:B:A	116.696
-	GNMT	GNMT	-	-	-	GNMT_4_frame1	GNMT_4_frame1	-	-	3THS:A:B	109.313
-	KIF9	KIF9	-	-	-	KIFC3	KIFC3	-	-	O14782_S0__O15066_S0__AFMM1:A:B	135.295
-	KIF9	KIF9	-	-	-	KIF9	KIF9	-	-	O95239_S1__Q2VIQ3_S1__AFMM1:A:B	90.8841
-	KIF9	KIF9	-	-	-	PPP1R12B_1_frame1	PPP1R12B_1_frame1	-	-	9YMG_AU:C:F	0.0
-	KIF9	KIF9	-	-	-	EHMT2	EHMT2	-	-	9YMG_AU:F:C	0.0
-	KIF9	KIF9	-	-	-	KIFAP3	KIFAP3	-	-	O14782_S0__Q92845_S0__AFMM5:A:B	18.2878
-	NBR1	NBR1	-	-	-	NBR1	NBR1	-	-	4OLE_AU:B:A	7.0247
-	HMBOX1	HMBOX1	-	-	-	HMBOX1	HMBOX1	-	-	2H8R_AU:A:B	2.2667
-	TEAD4_3_frame1	TEAD4_3_frame1	-	-	-	TEAD4_3_frame1	TEAD4_3_frame1	-	-	8Q68:A:B	52.1146
-	TEAD4_3_frame1	TEAD4_3_frame1	-	-	-	TEAD4_2_frame3	TEAD4_2_frame3	-	-	6S60_AU:B:A	41.8412
-	TEAD4_3_frame1	TEAD4_3_frame1	-	-	-	TEAD4_1_frame1	TEAD4_1_frame1	-	-	5XJD_AU:B:A	41.8693
-	PRMT2_2_frame1	PRMT2_2_frame1	-	-	-	NCK1_2_frame1	NCK1_2_frame1	-	-	7PVW:A:B	104.068
-	PRMT2_2_frame1	PRMT2_2_frame1	-	-	-	LCK_3_frame1	LCK_3_frame1	-	-	9GHK:B:A	12.3933
-	PRMT2_2_frame1	PRMT2_2_frame1	-	-	-	NCK1_1_frame1	NCK1_1_frame1	-	-	4RTW_AU:C:A	24.2516
-	PRMT2_2_frame1	PRMT2_2_frame1	-	-	-	NCK1_3_frame1	NCK1_3_frame1	-	-	4RTW_AU:C:A	24.2516
-	PRMT2_2_frame1	PRMT2_2_frame1	-	-	-	ARRB1	ARRB1	-	-	9CX3:C:B	14.2204
-	NR1D1	NR1D1	-	-	-	NR1H4	NR1H4	-	-	4NQA_AU:H:I	53.884
-	NR1D1	NR1D1	-	-	-	NR1D1	NR1D1	-	-	P19793_S0__Q07869_S0__AFMM4:B:A	28.5652
-	NR1D1	NR1D1	-	-	-	NR1H3	NR1H3	-	-	4NQA_AU:H:I	55.4669
-	NR1D1	NR1D1	-	-	-	RXRB_3_frame1	RXRB_3_frame1	-	-	4NQA_AU:H:I	47.8488
-	NR1D1	NR1D1	-	-	-	RARB	RARB	-	-	4NQA_AU:H:I	53.884
-	CDK20_1_frame1	CDK20_1_frame1	-	-	-	CDK5_2_frame1	CDK5_2_frame1	-	-	7L26_AU:A:B	150.222
-	CDK20_1_frame1	CDK20_1_frame1	-	-	-	STK25_2_frame2	STK25_2_frame2	-	-	7L26_AU:A:B	179.462
-	CDK20_1_frame1	CDK20_1_frame1	-	-	-	AKT1_1_frame1	AKT1_1_frame1	-	-	O75582_S0__P27361_S0__AFMM3:B:A	59.0891
-	CDK20_1_frame1	CDK20_1_frame1	-	-	-	PLK4	PLK4	-	-	3I4B:B:A	90.6034
-	CDK20_1_frame1	CDK20_1_frame1	-	-	-	IRAK4_1_frame1	IRAK4_1_frame1	-	-	7JXH_AU:A:E	58.1676
-	KRT33B	KRT33B	-	-	-	KRT6A_1_frame1	KRT6A_1_frame1	-	-	P19013_S0__Q2M2I5_S0__AF3:B:A	280.144
-	KRT33B	KRT33B	-	-	-	NEFL	NEFL	-	-	P19013_S0__Q2M2I5_S0__AF3:B:A	335.362
-	KRT33B	KRT33B	-	-	-	DES	DES	-	-	P19013_S0__Q2M2I5_S0__AF3:B:A	310.976
-	KRT33B	KRT33B	-	-	-	KRT13	KRT13	-	-	A0A140TA62_S0__Q7Z3Y8_S0__AFMM5:A:B	248.5
-	KRT33B	KRT33B	-	-	-	KRT31	KRT31	-	-	A0A140TA62_S0__Q7Z3Y8_S0__AFMM5:A:B	245.27
-	MAGEA12	MAGEA12	-	-	-	MAGEA6	MAGEA6	-	-	6WJH_AU:A:C	21.2729
-	MAGEA12	MAGEA12	-	-	-	MAGEA11	MAGEA11	-	-	6WJH_AU:A:C	11.017
-	MAGEA12	MAGEA12	-	-	-	MAGEA12	MAGEA12	-	-	6WJH_AU:C:A	25.2963
-	MAGEA12	MAGEA12	-	-	-	MAGED1	MAGED1	-	-	6WJH_AU:A:C	11.017
-	MAGEA12	MAGEA12	-	-	-	NDN_5_frame1	NDN_5_frame1	-	-	6WJH_AU:D:B	24.008
-	AKT1_2_frame1	AKT1_2_frame1	-	-	-	AKT1_1_frame1	AKT1_1_frame1	-	-	1FHX_AU:A:B	51.9777
-	AKT1_2_frame1	AKT1_2_frame1	-	-	-	AKT1_2_frame1	AKT1_2_frame1	-	-	1FHX_AU:B:A	64.896
-	AKT1_2_frame1	AKT1_2_frame1	-	-	-	TRIM23	TRIM23	-	-	4KAX_AU:B:A	18.3003
-	AKT1_2_frame1	AKT1_2_frame1	-	-	-	ZSCAN20	ZSCAN20	-	-	Q15438_S0__Q6NUN9_S0__AF:A:B	22.4056
-	AKT1_2_frame1	AKT1_2_frame1	-	-	-	ZNF483	ZNF483	-	-	Q15438_S0__Q6NUN9_S0__AF:A:B	22.4056
-	S100A1_1_frame1	S100A1_1_frame1	-	-	-	S100A2	S100A2	-	-	7PSQ:E:A	89.3079
-	S100A1_1_frame1	S100A1_1_frame1	-	-	-	S100B_1_frame1	S100B_1_frame1	-	-	7PSQ:E:A	84.8713
-	S100A1_1_frame1	S100A1_1_frame1	-	-	-	S100A1	S100A1	-	-	7PSQ:E:A	86.9705
-	S100A1_1_frame1	S100A1_1_frame1	-	-	-	S100A1_1_frame1	S100A1_1_frame1	-	-	7PSQ:E:A	86.9705
-	S100A1_1_frame1	S100A1_1_frame1	-	-	-	S100B	S100B	-	-	7PSQ:E:A	84.8713
-	TRIP13	TRIP13	-	-	-	TRIP13	TRIP13	-	-	7R7U:B:A	115.257
-	TRIP13	TRIP13	-	-	-	MNAT1_2_frame1	MNAT1_2_frame1	-	-	6F0X:A:Z	6.6335
-	IRAK4_2_frame1	IRAK4_2_frame1	-	-	-	MYD88	MYD88	-	-	Q99836_S0__Q9NWZ3_S0__AFMM2:B:A	19.0149
-	MEOX2	MEOX2	-	-	-	CDK5_2_frame1	CDK5_2_frame1	-	-	P57059_S0__Q8NFW5_S0__AF:B:A	25.7853
-	MEOX2	MEOX2	-	-	-	PLK4	PLK4	-	-	P57059_S0__Q8NFW5_S0__AF:B:A	25.7853
-	PSME3	PSME3	-	-	-	PSME3	PSME3	-	-	6DFK_AU:J:K	141.858
-	PSME3	PSME3	-	-	-	PSMA3	PSMA3	-	-	8CXB:c:D	35.965
-	TRAF4	TRAF4	-	-	-	TRAF1	TRAF1	-	-	O00463_S0__Q13114_S0__AFMM2:B:A	119.731
-	TRAF4	TRAF4	-	-	-	TRAF4	TRAF4	-	-	Q12933_S0__Q13114_S0__AFMM1:B:A	65.8242
-	TRAF4	TRAF4	-	-	-	TRIM2	TRIM2	-	-	5DIN:B:A	42.4825
-	TRAF4	TRAF4	-	-	-	ZSCAN20	ZSCAN20	-	-	P57086_S0__Q6P9G9_S0__AFMM1:B:A	36.8951
-	TRAF4	TRAF4	-	-	-	ZKSCAN4_1_frame1	ZKSCAN4_1_frame1	-	-	P10073_S0__Q6P9G9_S0__AFMM2:B:A	95.0391
-	KRT18	KRT18	-	-	-	NEFL_2_frame1	NEFL_2_frame1	-	-	P07197_S0__P08670_S0__AFMM5:B:A	277.657
-	KRT18	KRT18	-	-	-	KRT19	KRT19	-	-	Q7Z3Y8_S0__Q9NSB2_S0__AFMM5:A:B	234.469
-	KRT18	KRT18	-	-	-	KRT18	KRT18	-	-	O76014_S0__Q7Z3Y7_S0__AFMM2:A:B	221.726
-	KRT18	KRT18	-	-	-	KRT15	KRT15	-	-	O76014_S0__Q7Z3Y7_S0__AFMM2:A:B	223.805
-	KRT18	KRT18	-	-	-	KRT33B	KRT33B	-	-	A0A140TA62_S0__Q7Z3Y8_S0__AFMM5:B:A	245.078
-	FOXM1_ORF2	FOXM1_ORF2	-	-	-	FOXM1_ORF1	FOXM1_ORF1	-	-	O15409_S0__Q8IVH2_S0__AF:A:B	43.8704
-	FOXM1_ORF2	FOXM1_ORF2	-	-	-	FOXM1_ORF2	FOXM1_ORF2	-	-	O15409_S0__Q8IVH2_S0__AF:B:A	41.5561
-	FOXM1_ORF2	FOXM1_ORF2	-	-	-	ELK3	ELK3	-	-	8BZM:I:H	6.7992
-	FOXM1_ORF2	FOXM1_ORF2	-	-	-	ETV6	ETV6	-	-	8BZM:I:H	4.5793
-	FOXM1_ORF2	FOXM1_ORF2	-	-	-	WWP2	WWP2	-	-	P46934_S0__P55317_S0__AF:B:A	10.741
-	VPS33B_3_frame1	VPS33B_3_frame1	-	-	-	PPFIBP2	PPFIBP2	-	-	Q86W92_S2__Q9H267_S0__AFMM5:B:A	5.734
-	PRKAR2B	PRKAR2B	-	-	-	AKT1_1_frame1	AKT1_1_frame1	-	-	6BYR:B:A	96.9286
-	PRKAR2B	PRKAR2B	-	-	-	PRKAR2B	PRKAR2B	-	-	P13861_S0__P31323_S0__AFMM1:A:B	85.7372
-	PRKAR2B	PRKAR2B	-	-	-	MAPK7	MAPK7	-	-	P10644_S0__P22612_S0__AFMM5:A:B	83.7019
-	PRKAR2B	PRKAR2B	-	-	-	CAMK2D	CAMK2D	-	-	P31323_S0__Q9HBY8_S0__AFMM1:A:B	48.1442
-	ZNF688_4_frame1	ZNF688_4_frame1	-	-	-	TRAF4	TRAF4	-	-	P10073_S0__Q6P9G9_S0__AFMM2:A:B	91.3715
-	ZNF688_4_frame1	ZNF688_4_frame1	-	-	-	IRAK4_1_frame1	IRAK4_1_frame1	-	-	O43318_S0__Q6NUN9_S0__AF1:B:A	55.1572
-	ZNF688_4_frame1	ZNF688_4_frame1	-	-	-	AKT1_1_frame1	AKT1_1_frame1	-	-	O43739_S0__Q6NUN9_S0__AFMM3:B:A	48.7923
-	ZNF688_4_frame1	ZNF688_4_frame1	-	-	-	AKT1_2_frame1	AKT1_2_frame1	-	-	Q15438_S0__Q6NUN9_S0__AF:B:A	43.9554
-	ZNF688_4_frame1	ZNF688_4_frame1	-	-	-	TRIM37	TRIM37	-	-	O94972_S0__Q6NUN9_S0__AF:B:A	29.7814
-	DIABLO_1_frame1	DIABLO_1_frame1	-	-	-	DIABLO_2_frame1	DIABLO_2_frame1	-	-	4TX5:A:B	50.9862
-	DIABLO_1_frame1	DIABLO_1_frame1	-	-	-	DIABLO_1_frame1	DIABLO_1_frame1	-	-	6JX6:B:C	51.7408
-	MAGEA11	MAGEA11	-	-	-	MAGEA6	MAGEA6	-	-	6WJH_AU:C:A	21.8439
-	MAGEA11	MAGEA11	-	-	-	NDN_5_frame1	NDN_5_frame1	-	-	6WJH_AU:D:B	11.5431
-	MAGEA11	MAGEA11	-	-	-	MAGEA11	MAGEA11	-	-	6WJH_AU:D:A	11.8775
-	MAGEA11	MAGEA11	-	-	-	MAGEA12	MAGEA12	-	-	6WJH_AU:C:A	22.7864
-	MAGEA11	MAGEA11	-	-	-	MAGED1	MAGED1	-	-	6WJH_AU:A:D	11.8775
-	RAB3IP	RAB3IP	-	-	-	RAB3IP	RAB3IP	-	-	Q8TBN0_S0__Q96QF0_S0__AFMM3:A:B	47.9839
-	KRT15	KRT15	-	-	-	NEFL_2_frame1	NEFL_2_frame1	-	-	P07197_S0__P08670_S0__AFMM5:B:A	266.048
-	KRT15	KRT15	-	-	-	KRT19	KRT19	-	-	Q7Z3Y8_S0__Q9NSB2_S0__AFMM5:A:B	226.331
-	KRT15	KRT15	-	-	-	KRT18	KRT18	-	-	Q7Z3Y8_S0__Q9NSB2_S0__AFMM5:B:A	215.835
-	KRT15	KRT15	-	-	-	KRT15	KRT15	-	-	Q7Z3Y8_S0__Q9NSB2_S0__AFMM5:A:B	217.416
-	KRT15	KRT15	-	-	-	KRT33B	KRT33B	-	-	A0A140TA62_S0__Q7Z3Y8_S0__AFMM5:B:A	247.441
-	DGUOK_1_frame1	DGUOK_1_frame1	-	-	-	DGUOK_1_frame1	DGUOK_1_frame1	-	-	2ZI3:B:A	78.4011
-	DGUOK_1_frame1	DGUOK_1_frame1	-	-	-	DGUOK_5_frame3	DGUOK_5_frame3	-	-	P27707_S0__Q16854_S0__AF1:A:B	25.983
-	ZNF341_ORF1	ZNF341_ORF1	-	-	-	ZNF471	ZNF471	-	-	O43345_S2__Q05481_S2__AF:B:A	120.24
-	ZNF341_ORF1	ZNF341_ORF1	-	-	-	ZNF341_ORF1	ZNF341_ORF1	-	-	Q13105_S0__Q9P1Z0_S0__AFMM4:A:B	58.3995
-	ZNF341_ORF1	ZNF341_ORF1	-	-	-	SP4	SP4	-	-	O43345_S2__Q05481_S2__AF:B:A	86.9722
-	ZNF341_ORF1	ZNF341_ORF1	-	-	-	ZNF688_1_frame1	ZNF688_1_frame1	-	-	O43345_S2__Q05481_S2__AF:B:A	76.2466
-	ZNF341_ORF1	ZNF341_ORF1	-	-	-	ZNF688_4_frame1	ZNF688_4_frame1	-	-	O43345_S2__Q05481_S2__AF:B:A	65.3319
-	SDC3_2_frame1	SDC3_2_frame1	-	-	-	PTPRN	PTPRN	-	-	O75056_S0__P23471_S2__AFMM3:A:B	2.8583
-	SDC3_2_frame1	SDC3_2_frame1	-	-	-	CXCR3_1_frame1	CXCR3_1_frame1	-	-	P31431_S0__P61073_S0__AF:A:B	6.753
-	SDC3_2_frame1	SDC3_2_frame1	-	-	-	CXCR3_2_frame1	CXCR3_2_frame1	-	-	P31431_S0__P61073_S0__AF:A:B	6.3384
-	SERPING1_4_frame1	SERPING1_4_frame1	-	-	-	SERPING1_1_frame1	SERPING1_1_frame1	-	-	5DU3_AU:B:A	34.2776
-	SERPING1_4_frame1	SERPING1_4_frame1	-	-	-	SERPING1_4_frame1	SERPING1_4_frame1	-	-	5DU3_AU:B:A	10.0086
-	SERPING1_4_frame1	SERPING1_4_frame1	-	-	-	CXCR3_1_frame1	CXCR3_1_frame1	-	-	P05155_S0__P32246_S0__AFMM5:A:B	3.2298
-	KHDRBS3	KHDRBS3	-	-	-	KHDRBS2	KHDRBS2	-	-	5ELT:B:A	137.525
-	KHDRBS3	KHDRBS3	-	-	-	KHDRBS3	KHDRBS3	-	-	5ELT:B:A	132.653
-	KHDRBS3	KHDRBS3	-	-	-	AKT1_1_frame1	AKT1_1_frame1	-	-	O14578_S1__Q96PU8_S0__AFMM3:B:A	10.5124
-	KHDRBS3	KHDRBS3	-	-	-	STK25_3_frame1	STK25_3_frame1	-	-	O14578_S1__Q96PU8_S0__AFMM3:B:A	3.012
-	MCMBP	MCMBP	-	-	-	MCM7_1_frame1	MCM7_1_frame1	-	-	P33991_S0__Q9BTE3_S0__AFMM2:B:A	116.994
-	SYCE1	SYCE1	-	-	-	HOMER3	HOMER3	-	-	Q8N0S2_S0__Q9NSB8_S0__AFMM3:A:B	54.9089
-	SYCE1	SYCE1	-	-	-	ATF4_ORF1	ATF4_ORF1	-	-	A8MT33_S0__Q9Y2D1_S0__AFMM3:A:B	0.8168
-	RHOXF2	RHOXF2	-	-	-	PLK4	PLK4	-	-	P57059_S0__Q8NFW5_S0__AF:B:A	25.7853
-	RHOXF2	RHOXF2	-	-	-	CDK5_2_frame1	CDK5_2_frame1	-	-	P57059_S0__Q8NFW5_S0__AF:B:A	25.7853
-	RHOXF2	RHOXF2	-	-	-	AES	AES	-	-	A6NJT0_S0__Q04725_S0__AFMM1:A:B	9.5094
-	RHOXF2	RHOXF2	-	-	-	GATA3	GATA3	-	-	O43186_S0__P43694_S0__AFMM3:A:B	6.2069
-	RHOXF2	RHOXF2	-	-	-	AKT1_1_frame1	AKT1_1_frame1	-	-	P52945_S0__Q86V86_S0__AF2:A:B	7.2885
-	GOPC	GOPC	-	-	-	GOPC	GOPC	-	-	Q13425_S0__Q13884_S0__AF2:A:B	4.3058
-	GOPC	GOPC	-	-	-	LDB3_3_frame1	LDB3_3_frame1	-	-	2IWP:A:B	46.9149
-	GOPC	GOPC	-	-	-	MPP1	MPP1	-	-	Q5T2T1_S0__Q9NUP9_S0__AFMM3:B:A	62.2029
-	GOPC	GOPC	-	-	-	CAMK2D	CAMK2D	-	-	O14936_S1__Q9HAP6_S0__AFMM4:B:A	36.2681
-	ADAMTSL4	ADAMTSL4	-	-	-	CFP_1_frame1	CFP_1_frame1	-	-	8Q6R:D:C	36.9353
-	ADAMTSL4	ADAMTSL4	-	-	-	CFP_2_frame1	CFP_2_frame1	-	-	8Q6R:D:C	36.9353
-	ADAMTSL4	ADAMTSL4	-	-	-	ADAMTSL4	ADAMTSL4	-	-	6S0A:B:A	5.8524
-	ADAMTSL4	ADAMTSL4	-	-	-	NOTCH2NL	NOTCH2NL	-	-	O15072_S2__Q6UXH8_S0__AFMM1:A:B	10.3237
-	ADAMTSL4	ADAMTSL4	-	-	-	PRMT2_1_frame1	PRMT2_1_frame1	-	-	O43295_S2__Q9P2N4_S1__AFMM1:B:A	17.6202
-	SUCLA2_1_frame1	SUCLA2_1_frame1	-	-	-	SUCLA2_2_frame1	SUCLA2_2_frame1	-	-	6NO4:A:B	33.5615
-	SUCLA2_1_frame1	SUCLA2_1_frame1	-	-	-	SUCLA2_1_frame1	SUCLA2_1_frame1	-	-	6NO1:B:A	22.9929
-	AXIN1_2_frame1	AXIN1_2_frame1	-	-	-	AXIN1_3_frame1	AXIN1_3_frame1	-	-	2BV1_AU:B:A	24.9728
-	AXIN1_2_frame1	AXIN1_2_frame1	-	-	-	AXIN1_2_frame1	AXIN1_2_frame1	-	-	2BV1_AU:B:A	24.9728
-	AXIN1_2_frame1	AXIN1_2_frame1	-	-	-	WWP2	WWP2	-	-	O15169_S0__Q9HAU4_S0__AFMM1:A:B	57.2694
-	RARB	RARB	-	-	-	NR1H4	NR1H4	-	-	4NQA_AU:H:I	71.8434
-	RARB	RARB	-	-	-	RXRB_3_frame1	RXRB_3_frame1	-	-	4IQR_AU:A:B	63.6176
-	RARB	RARB	-	-	-	NR1D1	NR1D1	-	-	4NQA_AU:I:H	49.7087
-	RARB	RARB	-	-	-	RARB	RARB	-	-	4NQA_AU:H:I	71.8386
-	RARB	RARB	-	-	-	NR1H3	NR1H3	-	-	4NQA_AU:H:I	71.8386
-	NCK1_3_frame1	NCK1_3_frame1	-	-	-	NCK1_3_frame1	NCK1_3_frame1	-	-	5QU4_AU:D:B	158.102
-	NCK1_3_frame1	NCK1_3_frame1	-	-	-	NCK1_2_frame1	NCK1_2_frame1	-	-	5QU4_AU:D:B	158.102
-	NCK1_3_frame1	NCK1_3_frame1	-	-	-	PSTPIP1	PSTPIP1	-	-	P14598_S0__P62993_S0__AFMM1:B:A	38.5566
-	NCK1_3_frame1	NCK1_3_frame1	-	-	-	EFS	EFS	-	-	8DGO:A:B	98.5897
-	NCK1_3_frame1	NCK1_3_frame1	-	-	-	ARHGAP26_1_frame1	ARHGAP26_1_frame1	-	-	8DGO_AU:B:A	48.0499
-	HSPD1_4_frame1	HSPD1_4_frame1	-	-	-	HSPD1_1_frame1	HSPD1_1_frame1	-	-	5DA8_AU:B:C	25.1546
-	HSPD1_4_frame1	HSPD1_4_frame1	-	-	-	HSPD1_4_frame1	HSPD1_4_frame1	-	-	6TMV:B:A	18.5179
-	S100B	S100B	-	-	-	S100B	S100B	-	-	7PSQ_AU:A:E	78.9033
-	ZFYVE19	ZFYVE19	-	-	-	ZFYVE19	ZFYVE19	-	-	Q13615_S0__Q9NYA4_S0__AFMM5:B:A	3.858
-	TENC1	TENC1	-	-	-	CDK20_3_frame1	CDK20_3_frame1	-	-	O00311_S0__Q68CZ2_S1__AF1:B:A	48.3925
-	TENC1	TENC1	-	-	-	CDK20_4_frame1	CDK20_4_frame1	-	-	O00311_S0__Q68CZ2_S1__AF1:B:A	48.3925
-	TENC1	TENC1	-	-	-	CDK5_1_frame1	CDK5_1_frame1	-	-	O00311_S0__Q68CZ2_S1__AF1:B:A	48.3925
-	TENC1	TENC1	-	-	-	CAMK2D	CAMK2D	-	-	O00311_S0__Q68CZ2_S1__AF1:B:A	38.9227
-	FBXO8_2_frame1	FBXO8_2_frame1	-	-	-	TRIM23	TRIM23	-	-	P61204_S0__Q9NRD0_S0__AFMM1:B:A	9.6015
-	FBXO8_2_frame1	FBXO8_2_frame1	-	-	-	ANKRD50_2_frame1	ANKRD50_2_frame1	-	-	Q969H0_S0__Q9ULT8_S1__AF5:A:B	2.039
-	FBXO8_2_frame1	FBXO8_2_frame1	-	-	-	ZSCAN20	ZSCAN20	-	-	Q969H0_S0__Q9Y5W3_S0__AFMM2:A:B	0.0244
-	FBXO8_2_frame1	FBXO8_2_frame1	-	-	-	ZKSCAN4_1_frame1	ZKSCAN4_1_frame1	-	-	Q969H0_S0__Q9Y5W3_S0__AFMM2:A:B	0.0244
-	FBXO8_2_frame1	FBXO8_2_frame1	-	-	-	ZNF483	ZNF483	-	-	Q969H0_S0__Q9Y5W3_S0__AFMM2:A:B	0.0244
-	MTUS2	MTUS2	-	-	-	WAC	WAC	-	-	Q5JR59_S0__Q9BTA9_S0__AFMM5:A:B	24.0503
-	E2F6_1_frame1	E2F6_1_frame1	-	-	-	TFDP2	TFDP2	-	-	Q01094_S0__Q14186_S0__AFMM1:A:B	256.188
-	E2F6_1_frame1	E2F6_1_frame1	-	-	-	TFDP1	TFDP1	-	-	Q01094_S0__Q14186_S0__AFMM1:A:B	256.139
-	E2F6_1_frame1	E2F6_1_frame1	-	-	-	E2F6_3_frame3	E2F6_3_frame3	-	-	O00716_S0__O75461_S0__AFMM3:B:A	65.9069
-	E2F6_1_frame1	E2F6_1_frame1	-	-	-	E2F6_1_frame1	E2F6_1_frame1	-	-	O00716_S0__O75461_S0__AFMM3:B:A	63.3421
-	E2F6_1_frame1	E2F6_1_frame1	-	-	-	EHMT2	EHMT2	-	-	O75461_S0__Q96KQ7_S1__AFMM4:A:B	3.3846
-	TEAD4_2_frame3	TEAD4_2_frame3	-	-	-	TEAD4_3_frame1	TEAD4_3_frame1	-	-	7CNL_AU:A:B	35.5069
-	TEAD4_2_frame3	TEAD4_2_frame3	-	-	-	TEAD4_2_frame3	TEAD4_2_frame3	-	-	6S60_AU:A:B	41.8412
-	TEAD4_2_frame3	TEAD4_2_frame3	-	-	-	TEAD4_1_frame1	TEAD4_1_frame1	-	-	5XJD:B:A	41.8693
-	NDRG4_2_frame1	NDRG4_2_frame1	-	-	-	NDRG4_2_frame1	NDRG4_2_frame1	-	-	6L4H:A:B	45.9419
-	NDRG4_2_frame1	NDRG4_2_frame1	-	-	-	NDRG4_1_frame1	NDRG4_1_frame1	-	-	6L4H:A:B	45.9419
-	TFCP2	TFCP2	-	-	-	TFCP2	TFCP2	-	-	5MR7_AU:A:B	43.9486
-	CA9_2_frame1	CA9_2_frame1	-	-	-	CA9_1_frame1	CA9_1_frame1	-	-	5DVX_AU:A:B	34.8981
-	CA9_2_frame1	CA9_2_frame1	-	-	-	CA9_2_frame1	CA9_2_frame1	-	-	5DVX_AU:A:B	34.8981
-	CA9_2_frame1	CA9_2_frame1	-	-	-	CXCR3_1_frame1	CXCR3_1_frame1	-	-	O00574_S0__Q9ULX7_S0__AF2:B:A	18.7459
-	CA9_2_frame1	CA9_2_frame1	-	-	-	CXCR3_2_frame1	CXCR3_2_frame1	-	-	O00574_S0__Q9ULX7_S0__AF2:B:A	18.7459
-	CA9_2_frame1	CA9_2_frame1	-	-	-	TENC1	TENC1	-	-	P23470_S1__Q9HBL0_S1__AFMM1:A:B	10.9953
-	LMBR1L_5_frame1	LMBR1L_5_frame1	-	-	-	RINT1	RINT1	-	-	Q6NUQ1_S0__Q6UX01_S0__AF4:B:A	24.9397
-	EFHC2	EFHC2	-	-	-	EFHC2	EFHC2	-	-	Q5JST6_S0__Q5JVL4_S0__AF1:B:A	33.3072
-	NLGN3_1_frame1	NLGN3_1_frame1	-	-	-	NLGN3_1_frame1	NLGN3_1_frame1	-	-	1MX9:C:D	67.0926
-	CAMK2D	CAMK2D	-	-	-	MAPK7	MAPK7	-	-	6QAV_AU:D:C	161.345
-	CAMK2D	CAMK2D	-	-	-	PPFIBP2	PPFIBP2	-	-	P49841_S0__Q86W92_S2__AFMM1:A:B	33.3106
-	CAMK2D	CAMK2D	-	-	-	STK25_3_frame1	STK25_3_frame1	-	-	5JZJ_AU:A:B	127.406
-	CAMK2D	CAMK2D	-	-	-	CDK20_1_frame1	CDK20_1_frame1	-	-	4TYH:A:B	140.611
-	CAMK2D	CAMK2D	-	-	-	CDK20_4_frame1	CDK20_4_frame1	-	-	4TYH:A:B	140.611
-	PSTPIP2_1_frame1	PSTPIP2_1_frame1	-	-	-	PSTPIP1	PSTPIP1	-	-	7AAM:B:A	367.798
-	PSTPIP2_1_frame1	PSTPIP2_1_frame1	-	-	-	PSTPIP2_3_frame1	PSTPIP2_3_frame1	-	-	7AAN:B:A	337.483
-	PSTPIP2_1_frame1	PSTPIP2_1_frame1	-	-	-	PSTPIP2_1_frame1	PSTPIP2_1_frame1	-	-	7AAM:B:A	352.918
-	PSTPIP2_1_frame1	PSTPIP2_1_frame1	-	-	-	PTPRN	PTPRN	-	-	Q99952_S0__Q9H939_S0__AFMM1:B:A	19.2493
-	BAD	BAD	-	-	-	BCL2L1_2_frame1	BCL2L1_2_frame1	-	-	Q07817_S0__Q92934_S0__AF1:B:A	11.087
-	BAD	BAD	-	-	-	BCL2L1_3_frame1	BCL2L1_3_frame1	-	-	Q07817_S0__Q92934_S0__AF1:B:A	10.9908
-	BAD	BAD	-	-	-	BCL2L1_1_frame1	BCL2L1_1_frame1	-	-	Q07817_S0__Q92934_S0__AF1:B:A	13.9086
-	SP4	SP4	-	-	-	ZNF341_ORF2	ZNF341_ORF2	-	-	O43345_S2__Q05481_S2__AF:A:B	82.6393
-	SP4	SP4	-	-	-	ZNF471	ZNF471	-	-	O43345_S2__Q05481_S2__AF:A:B	99.6568
-	SP4	SP4	-	-	-	ZNF341_ORF1	ZNF341_ORF1	-	-	O43345_S2__Q05481_S2__AF:A:B	86.9722
-	SP4	SP4	-	-	-	SP4	SP4	-	-	Q9H2S9_S0__Q9UKT9_S0__AFMM2:A:B	6.6409
-	SP4	SP4	-	-	-	ZNF688_1_frame1	ZNF688_1_frame1	-	-	O95125_S0__P17028_S0__AFMM2:B:A	31.3906
-	TADA3	TADA3	-	-	-	TADA2A_ORF1	TADA2A_ORF1	-	-	O75478_S0__O75528_S0__AFMM5:B:A	207.452
-	TADA3	TADA3	-	-	-	TADA2A_ORF2	TADA2A_ORF2	-	-	O75528_S0__Q86TJ2_S0__AF2:A:B	160.334
-	NPM1_1_frame1	NPM1_1_frame1	-	-	-	NPM2	NPM2	-	-	P06748_S0__Q86SE8_S0__AFMM1:B:A	48.5806
-	NPM1_1_frame1	NPM1_1_frame1	-	-	-	NPM1_1_frame1	NPM1_1_frame1	-	-	P06748_S0__Q86SE8_S0__AFMM1:A:B	48.5811
-	NPM1_1_frame1	NPM1_1_frame1	-	-	-	NPM1_2_frame1	NPM1_2_frame1	-	-	P06748_S0__Q86SE8_S0__AFMM1:A:B	48.5811
-	NEFL_1_frame1	NEFL_1_frame1	-	-	-	KRT31	KRT31	-	-	O76014_S0__Q3SY84_S0__AFMM5:B:A	266.82
-	NEFL_1_frame1	NEFL_1_frame1	-	-	-	KRT33B	KRT33B	-	-	O76014_S0__Q3SY84_S0__AFMM5:B:A	266.82
-	NPM1_2_frame1	NPM1_2_frame1	-	-	-	NPM2	NPM2	-	-	P06748_S0__Q86SE8_S0__AFMM1:B:A	48.5806
-	NPM1_2_frame1	NPM1_2_frame1	-	-	-	NPM1_1_frame1	NPM1_1_frame1	-	-	P06748_S0__Q86SE8_S0__AFMM1:A:B	48.5811
-	NPM1_2_frame1	NPM1_2_frame1	-	-	-	NPM1_2_frame1	NPM1_2_frame1	-	-	P06748_S0__Q86SE8_S0__AFMM1:A:B	48.5811
-	NDRG4_1_frame1	NDRG4_1_frame1	-	-	-	NDRG4_2_frame1	NDRG4_2_frame1	-	-	6L4H:A:B	45.9419
-	NDRG4_1_frame1	NDRG4_1_frame1	-	-	-	NDRG4_1_frame1	NDRG4_1_frame1	-	-	6L4H:A:B	45.9419
-	NPM2	NPM2	-	-	-	NPM2	NPM2	-	-	P06748_S0__Q86SE8_S0__AFMM1:A:B	47.4757
-	NPM2	NPM2	-	-	-	NPM1_1_frame1	NPM1_1_frame1	-	-	P06748_S0__Q86SE8_S0__AFMM1:A:B	48.5806
-	NPM2	NPM2	-	-	-	NPM1_2_frame1	NPM1_2_frame1	-	-	P06748_S0__Q86SE8_S0__AFMM1:A:B	48.5806
-	PPP3CA_1_frame1	PPP3CA_1_frame1	-	-	-	PPP3R1	PPP3R1	-	-	4ORC:A:B	152.882
-	PPP3CA_1_frame1	PPP3CA_1_frame1	-	-	-	KCNIP4	KCNIP4	-	-	9NXN:A:B	117.462
-	PPP3CA_1_frame1	PPP3CA_1_frame1	-	-	-	PPP1CB	PPP1CB	-	-	P16298_S0__Q08209_S0__AFMM2:A:B	59.8965
-	PPP3CA_1_frame1	PPP3CA_1_frame1	-	-	-	PPP3CA_2_frame1	PPP3CA_2_frame1	-	-	P16298_S0__P48454_S0__AFMM1:A:B	111.498
-	PPP3CA_1_frame1	PPP3CA_1_frame1	-	-	-	PPP3CA_1_frame1	PPP3CA_1_frame1	-	-	P16298_S0__P48454_S0__AFMM1:A:B	111.498
-	COL1A2_5_frame1	COL1A2_5_frame1	-	-	-	COL1A2_1_frame1	COL1A2_1_frame1	-	-	P02458_S2__P25940_S2__AFMM2:B:A	281.969
-	COL1A2_5_frame1	COL1A2_5_frame1	-	-	-	COL1A2_5_frame1	COL1A2_5_frame1	-	-	9IUS:2:3	5.5698
-	COL1A2_5_frame1	COL1A2_5_frame1	-	-	-	EMILIN1	EMILIN1	-	-	P25067_S0__Q03692_S0__AFMM4:A:B	52.0282
-	MAGED1	MAGED1	-	-	-	MAGEA6	MAGEA6	-	-	6WJH_AU:C:A	21.8439
-	MAGED1	MAGED1	-	-	-	NDN_5_frame1	NDN_5_frame1	-	-	6WJH_AU:D:B	11.5431
-	MAGED1	MAGED1	-	-	-	MAGEA11	MAGEA11	-	-	6WJH_AU:D:A	11.8775
-	MAGED1	MAGED1	-	-	-	MAGEA12	MAGEA12	-	-	6WJH_AU:C:A	22.7864
-	MAGED1	MAGED1	-	-	-	MAGED1	MAGED1	-	-	6WJH_AU:A:C	6.4258
-	ATF4_ORF1	ATF4_ORF1	-	-	-	CREB3L1_ORF2	CREB3L1_ORF2	-	-	P18848_S0__Q68CJ9_S0__AFMM5:A:B	42.7476
-	ATF4_ORF1	ATF4_ORF1	-	-	-	CREB3L1_ORF1	CREB3L1_ORF1	-	-	P18848_S0__Q68CJ9_S0__AFMM5:A:B	41.2841
-	ATF4_ORF1	ATF4_ORF1	-	-	-	SYCE1	SYCE1	-	-	A8MT33_S0__Q9Y2D1_S0__AFMM3:B:A	3.1537
-	CREB3L1_ORF1	CREB3L1_ORF1	-	-	-	CREB3L1_ORF2	CREB3L1_ORF2	-	-	P16220_S0__P18846_S0__AFMM2:A:B	30.5342
-	CREB3L1_ORF1	CREB3L1_ORF1	-	-	-	CREB3L1_ORF1	CREB3L1_ORF1	-	-	P16220_S0__Q03060_S0__AFMM5:A:B	27.9146
-	CREB3L1_ORF1	CREB3L1_ORF1	-	-	-	ATF4_ORF1	ATF4_ORF1	-	-	P18848_S0__Q68CJ9_S0__AFMM5:B:A	41.2841
-	CREB3L1_ORF1	CREB3L1_ORF1	-	-	-	IRAK4_1_frame1	IRAK4_1_frame1	-	-	O43318_S0__P16220_S0__AFMM1:B:A	41.798
-	CREB3L1_ORF1	CREB3L1_ORF1	-	-	-	CDK20_4_frame1	CDK20_4_frame1	-	-	O43318_S0__P16220_S0__AFMM1:B:A	2.1892
-	CDC23	CDC23	-	-	-	CDC23	CDC23	-	-	9GAW:U:V	88.3186
-	CDC23	CDC23	-	-	-	CDK20_3_frame1	CDK20_3_frame1	-	-	Q13627_S0__Q9UJX2_S0__AF1:B:A	8.0218
-	CDC23	CDC23	-	-	-	CDK5_1_frame1	CDK5_1_frame1	-	-	Q8IWQ3_S0__Q9UJX2_S0__AFMM2:B:A	21.2355
-	CDC23	CDC23	-	-	-	CDK5_2_frame1	CDK5_2_frame1	-	-	Q13627_S0__Q9UJX2_S0__AF1:B:A	8.0218
-	CDC23	CDC23	-	-	-	RBPMS	RBPMS	-	-	Q93062_S0__Q9UJX2_S0__AFMM1:B:A	53.6082
-	CDK5_2_frame1	CDK5_2_frame1	-	-	-	STK25_2_frame2	STK25_2_frame2	-	-	7L26_AU:B:A	169.158
-	CDK5_2_frame1	CDK5_2_frame1	-	-	-	LCK_2_frame1	LCK_2_frame1	-	-	P17948_S2__P35968_S2__AFMM2:B:A	25.5129
-	CDK5_2_frame1	CDK5_2_frame1	-	-	-	LCK_1_frame1	LCK_1_frame1	-	-	6QAV_AU:C:D	65.2704
-	CDK5_2_frame1	CDK5_2_frame1	-	-	-	PTK2	PTK2	-	-	1K9A_AU:A:B	22.5463
-	CDK5_2_frame1	CDK5_2_frame1	-	-	-	CCND2	CCND2	-	-	7SJ3:A:B	105.431
-	ERCC8_1_frame1	ERCC8_1_frame1	-	-	-	RCOR3	RCOR3	-	-	Q9BZK7_S0__Q9Y618_S1__AFMM5:A:B	63.9752
-	CFP_2_frame1	CFP_2_frame1	-	-	-	CFP_1_frame1	CFP_1_frame1	-	-	6S0A:A:B	55.2839
-	CFP_2_frame1	CFP_2_frame1	-	-	-	CFP_2_frame1	CFP_2_frame1	-	-	6S08:B:A	55.8098
-	CFP_2_frame1	CFP_2_frame1	-	-	-	ADAMTSL4	ADAMTSL4	-	-	Q13591_S2__Q9P283_S2__AFMM1:A:B	21.1775
-	CFP_2_frame1	CFP_2_frame1	-	-	-	SDC3_1_frame1	SDC3_1_frame1	-	-	P31431_S0__Q13591_S1__AFMM4:B:A	9.9707
-	CFP_2_frame1	CFP_2_frame1	-	-	-	SDC3_2_frame1	SDC3_2_frame1	-	-	P31431_S0__Q13591_S1__AFMM4:B:A	9.9707
-	TEAD4_1_frame1	TEAD4_1_frame1	-	-	-	TEAD4_3_frame1	TEAD4_3_frame1	-	-	5XJD:B:A	40.4915
-	TEAD4_1_frame1	TEAD4_1_frame1	-	-	-	TEAD4_2_frame3	TEAD4_2_frame3	-	-	5XJD:A:B	41.8693
-	TEAD4_1_frame1	TEAD4_1_frame1	-	-	-	TEAD4_1_frame1	TEAD4_1_frame1	-	-	5XJD:B:A	40.1053
